source_type,identifier,audience,classification,sentence,origin_file,origin_line,note
canvas-page,student-1sw-wk2-day-2-compare-programming-careers,student,B,"# STUDENT: 1SW Wk2 Day 2 - Compare Programming Careers | published=True Week 2 · Day 2 Start your three-career evidence packet Browse four programming Hats, choose three careers, and record their HQIM work, preparation, and salary evidence.",.tmp/canvas-dump-20260914/canvas/pages/student-1sw-wk2-day-2-compare-programming-careers.txt,,"1SW Wk2 salary packet: HQIM = the localized salary figure from H&L OR Xello (worksheet field literally reads ""Platform: H&L / Xello""). Needs a phrasing decision."
canvas-page,student-1sw-wk2-day-2-compare-programming-careers,student,B,1–3: HQIM Sections) & Day 2 Exit Ticket.,.tmp/canvas-dump-20260914/canvas/pages/student-1sw-wk2-day-2-compare-programming-careers.txt,,"1SW Wk2 salary packet: HQIM = the localized salary figure from H&L OR Xello (worksheet field literally reads ""Platform: H&L / Xello""). Needs a phrasing decision."
canvas-page,student-1sw-wk2-day-2-compare-programming-careers,student,B,choose three careers and complete the Day 2 HQIM sections on pages 1–3;,.tmp/canvas-dump-20260914/canvas/pages/student-1sw-wk2-day-2-compare-programming-careers.txt,,"1SW Wk2 salary packet: HQIM = the localized salary figure from H&L OR Xello (worksheet field literally reads ""Platform: H&L / Xello""). Needs a phrasing decision."
canvas-page,student-1sw-wk2-day-2-compare-programming-careers,student,B,"On pages 1–3, complete only the Day 2 — HQIM career evidence section: exact displayed career title;",.tmp/canvas-dump-20260914/canvas/pages/student-1sw-wk2-day-2-compare-programming-careers.txt,,"1SW Wk2 salary packet: HQIM = the localized salary figure from H&L OR Xello (worksheet field literally reads ""Platform: H&L / Xello""). Needs a phrasing decision."
canvas-page,student-1sw-wk2-day-2-compare-programming-careers,student,B,pages 1–3 have complete Day 2 HQIM sections for three careers;,.tmp/canvas-dump-20260914/canvas/pages/student-1sw-wk2-day-2-compare-programming-careers.txt,,"1SW Wk2 salary packet: HQIM = the localized salary figure from H&L OR Xello (worksheet field literally reads ""Platform: H&L / Xello""). Needs a phrasing decision."
canvas-page,student-1sw-wk2-day-2-compare-programming-careers,student,A,Use the verified model for one career and any available HQIM Hat pages for the other two.,.tmp/canvas-dump-20260914/canvas/pages/student-1sw-wk2-day-2-compare-programming-careers.txt,,"""HQIM Hat pages"" = Hats & Ladders Hat profiles specifically."
canvas-page,student-1sw-wk2-day-3-resilience-and-salary-showdown,student,B,Keep the Day 2 HQIM figure and Day 3 BLS median in their separate labeled sections.) Need the model or BLS extraction guide?,.tmp/canvas-dump-20260914/canvas/pages/student-1sw-wk2-day-3-resilience-and-salary-showdown.txt,,"1SW Wk2 salary packet: HQIM = the localized salary figure from H&L OR Xello (worksheet field literally reads ""Platform: H&L / Xello""). Needs a phrasing decision."
canvas-page,student-1sw-wk2-day-3-resilience-and-salary-showdown,student,B,"The HQIM shows [$] as a [range/median label] for [region] , so I kept the two measures separate.” You are done when all four failure rows include a fix and resilience action;",.tmp/canvas-dump-20260914/canvas/pages/student-1sw-wk2-day-3-resilience-and-salary-showdown.txt,,"1SW Wk2 salary packet: HQIM = the localized salary figure from H&L OR Xello (worksheet field literally reads ""Platform: H&L / Xello""). Needs a phrasing decision."
canvas-page,student-1sw-wk2-day-3-resilience-and-salary-showdown,student,B,pages 1–3 keep the Day 2 HQIM evidence and add the four Day 3 BLS fields;,.tmp/canvas-dump-20260914/canvas/pages/student-1sw-wk2-day-3-resilience-and-salary-showdown.txt,,"1SW Wk2 salary packet: HQIM = the localized salary figure from H&L OR Xello (worksheet field literally reads ""Platform: H&L / Xello""). Needs a phrasing decision."
canvas-page,student-1sw-wk2-day-3-resilience-and-salary-showdown,student,B,"If you were absent or a platform is unavailable Use the embedded failed-test images, your Day 2 HQIM records, and the fixed career card inside the BLS guide to complete the same four-row chart and pages 1–4.",.tmp/canvas-dump-20260914/canvas/pages/student-1sw-wk2-day-3-resilience-and-salary-showdown.txt,,"1SW Wk2 salary packet: HQIM = the localized salary figure from H&L OR Xello (worksheet field literally reads ""Platform: H&L / Xello""). Needs a phrasing decision."
canvas-page,student-4sw-wk5-day-4-automotive-route-decision,student,D,"# STUDENT: 4SW Wk5 Day 4 - Automotive Route Decision | published=False 4th Six Weeks · Week 5 · Day 4 Evaluate Automotive Training Routes Use the HQIM program names, current logistics, and route evidence to recommend a first investigation step.",.tmp/canvas-dump-20260914/canvas/pages/student-4sw-wk5-day-4-automotive-route-decision.txt,,"HQIM here means the printed *Find Your Future* (FYF) workbook, not Hats & Ladders. Correct replacement is ""Find Your Future workbook"" / ""your workbook"", not ""H&L""."
canvas-page,student-4sw-wk5-day-4-automotive-route-decision,student,D,168: use these HQIM program names.,.tmp/canvas-dump-20260914/canvas/pages/student-4sw-wk5-day-4-automotive-route-decision.txt,,"HQIM here means the printed *Find Your Future* (FYF) workbook, not Hats & Ladders. Correct replacement is ""Find Your Future workbook"" / ""your workbook"", not ""H&L""."
canvas-page,student-4sw-wk5-day-4-automotive-route-decision,student,D,"Use the HQIM and current district evidence FYF names Automotive Technology, Collision Repair, and Diesel & Heavy Equipment Technology.",.tmp/canvas-dump-20260914/canvas/pages/student-4sw-wk5-day-4-automotive-route-decision.txt,,"HQIM here means the printed *Find Your Future* (FYF) workbook, not Hats & Ladders. Correct replacement is ""Find Your Future workbook"" / ""your workbook"", not ""H&L""."
canvas-page,student-4sw-wk5-day-4-automotive-route-decision,student,D,HQIM program names;,.tmp/canvas-dump-20260914/canvas/pages/student-4sw-wk5-day-4-automotive-route-decision.txt,,"HQIM here means the printed *Find Your Future* (FYF) workbook, not Hats & Ladders. Correct replacement is ""Find Your Future workbook"" / ""your workbook"", not ""H&L""."
canvas-page,student-4sw-wk5-day-4-automotive-route-decision,student,D,If you were absent or a platform did not work The two-page fallback and embedded HQIM pages are the complete route when a site fails.,.tmp/canvas-dump-20260914/canvas/pages/student-4sw-wk5-day-4-automotive-route-decision.txt,,"HQIM here means the printed *Find Your Future* (FYF) workbook, not Hats & Ladders. Correct replacement is ""Find Your Future workbook"" / ""your workbook"", not ""H&L""."
canvas-page,teacher-1sw-wk1-day-1-facilitator-guide,teacher,D,Teacher Facilitator Guide - 1SW Wk1 Day 1 Manufacturing Cluster Tour 50 minutes - required Xello and district HQIM Protect the ten-minute Xello task.,.tmp/canvas-dump-20260914/canvas/pages/teacher-1sw-wk1-day-1-facilitator-guide.txt,,"HQIM here means the printed *Find Your Future* (FYF) workbook, not Hats & Ladders. Correct replacement is ""Find Your Future workbook"" / ""your workbook"", not ""H&L""."
canvas-page,teacher-1sw-wk1-day-1-facilitator-guide,teacher,B,Do not overwrite a district HQIM figure with a differently defined national median.,.tmp/canvas-dump-20260914/canvas/pages/teacher-1sw-wk1-day-1-facilitator-guide.txt,,"Wk1 Day 1 pairs Xello and the workbook; ""district HQIM figure"" = the platform localized figure (H&L or Xello). Needs a phrasing decision."
canvas-page,teacher-1sw-wk1-day-2-facilitator-guide,teacher,A,"If sources differ, check geography and measure rather than declaring the HQIM wrong.",.tmp/canvas-dump-20260914/canvas/pages/teacher-1sw-wk1-day-2-facilitator-guide.txt,,Wk1 Day 2 guide mirrors the [H&L PLATFORM] block; HQIM = the H&L figure.
canvas-page,teacher-1sw-wk2-day-2-facilitator-guide,teacher,B,"# TEACHER: 1SW Wk2 Day 2 Facilitator Guide | published=False Teacher Facilitator Guide - 1SW Wk2 Day 2 Programming Pathway Deep-Dive 50 minutes · TEKS d(1)(C), d(2)(A) Topic: Programming Careers Objective: Students will identify programming career opportunities and research the work and preparation for three careers using a district HQIM source.",.tmp/canvas-dump-20260914/canvas/pages/teacher-1sw-wk2-day-2-facilitator-guide.txt,,"1SW Wk2 salary packet: HQIM = the localized salary figure from H&L OR Xello (worksheet field literally reads ""Platform: H&L / Xello""). Needs a phrasing decision."
canvas-page,teacher-1sw-wk2-day-2-facilitator-guide,teacher,B,"TEKS: d(1)(C), d(2)(A) Demonstration of Learning: Lightweight four-Hat notes, the Day 2 HQIM sections on pages 1-3 of the salary packet, and a supported hiring decision.",.tmp/canvas-dump-20260914/canvas/pages/teacher-1sw-wk2-day-2-facilitator-guide.txt,,"1SW Wk2 salary packet: HQIM = the localized salary figure from H&L OR Xello (worksheet field literally reads ""Platform: H&L / Xello""). Needs a phrasing decision."
canvas-page,teacher-1sw-wk2-day-2-facilitator-guide,teacher,B,"Student evidence and grading Students keep lightweight four-Hat browse notes, then choose three careers and complete only the Day 2 HQIM section on pages 1-3 of the salary packet.",.tmp/canvas-dump-20260914/canvas/pages/teacher-1sw-wk2-day-2-facilitator-guide.txt,,"1SW Wk2 salary packet: HQIM = the localized salary figure from H&L OR Xello (worksheet field literally reads ""Platform: H&L / Xello""). Needs a phrasing decision."
canvas-page,teacher-1sw-wk2-day-2-facilitator-guide,teacher,B,Minutes 16-40 - Complete Day 2 HQIM sections on pages 1-3 Students select three careers from their browse and open the five-page IT Salary Comparison packet.,.tmp/canvas-dump-20260914/canvas/pages/teacher-1sw-wk2-day-2-facilitator-guide.txt,,"1SW Wk2 salary packet: HQIM = the localized salary figure from H&L OR Xello (worksheet field literally reads ""Platform: H&L / Xello""). Needs a phrasing decision."
canvas-page,teacher-1sw-wk2-day-2-facilitator-guide,teacher,B,"Students complete ONLY the Day 2 - HQIM career evidence section on pages 1-3 for their three chosen careers: exact title, platform/date, job task, and common preparation.",.tmp/canvas-dump-20260914/canvas/pages/teacher-1sw-wk2-day-2-facilitator-guide.txt,,"1SW Wk2 salary packet: HQIM = the localized salary figure from H&L OR Xello (worksheet field literally reads ""Platform: H&L / Xello""). Needs a phrasing decision."
canvas-page,teacher-1sw-wk2-day-2-facilitator-guide,teacher,B,Protect the three completed HQIM packet sections and the hiring scenario DOL.,.tmp/canvas-dump-20260914/canvas/pages/teacher-1sw-wk2-day-2-facilitator-guide.txt,,"1SW Wk2 salary packet: HQIM = the localized salary figure from H&L OR Xello (worksheet field literally reads ""Platform: H&L / Xello""). Needs a phrasing decision."
canvas-page,teacher-1sw-wk2-day-2-facilitator-guide,teacher,B,"do not cut the three selected HQIM records, hiring DOL, or close.",.tmp/canvas-dump-20260914/canvas/pages/teacher-1sw-wk2-day-2-facilitator-guide.txt,,"1SW Wk2 salary packet: HQIM = the localized salary figure from H&L OR Xello (worksheet field literally reads ""Platform: H&L / Xello""). Needs a phrasing decision."
canvas-page,teacher-1sw-wk2-day-2-facilitator-guide,teacher,A,Platform or absence fallback Use the verified Web Developer model for one career and any available HQIM Hat pages for the other two.,.tmp/canvas-dump-20260914/canvas/pages/teacher-1sw-wk2-day-2-facilitator-guide.txt,,"""HQIM Hat pages"" = Hats & Ladders Hat profiles specifically."
canvas-page,teacher-1sw-wk2-day-3-facilitator-guide,teacher,B,H&L or Xello supplies the district HQIM localized figure;,.tmp/canvas-dump-20260914/canvas/pages/teacher-1sw-wk2-day-3-facilitator-guide.txt,,"1SW Wk2 salary packet: HQIM = the localized salary figure from H&L OR Xello (worksheet field literally reads ""Platform: H&L / Xello""). Needs a phrasing decision."
canvas-page,teacher-1sw-wk2-day-3-facilitator-guide,teacher,B,Teach students the crucial distinction: local HQIM starting ranges vs.,.tmp/canvas-dump-20260914/canvas/pages/teacher-1sw-wk2-day-3-facilitator-guide.txt,,"1SW Wk2 salary packet: HQIM = the localized salary figure from H&L OR Xello (worksheet field literally reads ""Platform: H&L / Xello""). Needs a phrasing decision."
canvas-page,teacher-1sw-wk2-day-3-facilitator-guide,teacher,B,"Platform or absence fallback If a live source fails, use the student's Day 2 HQIM record and the fixed career card inside the BLS guide.",.tmp/canvas-dump-20260914/canvas/pages/teacher-1sw-wk2-day-3-facilitator-guide.txt,,"1SW Wk2 salary packet: HQIM = the localized salary figure from H&L OR Xello (worksheet field literally reads ""Platform: H&L / Xello""). Needs a phrasing decision."
canvas-page,teacher-1sw-wk2-day-5-facilitator-guide,teacher,B,Page 1: Career 1 complete with HQIM and BLS data.,.tmp/canvas-dump-20260914/canvas/pages/teacher-1sw-wk2-day-5-facilitator-guide.txt,,"1SW Wk2 salary packet: HQIM = the localized salary figure from H&L OR Xello (worksheet field literally reads ""Platform: H&L / Xello""). Needs a phrasing decision."
canvas-page,teacher-1sw-wk2-day-5-facilitator-guide,teacher,B,Page 2: Career 2 complete with HQIM and BLS data.,.tmp/canvas-dump-20260914/canvas/pages/teacher-1sw-wk2-day-5-facilitator-guide.txt,,"1SW Wk2 salary packet: HQIM = the localized salary figure from H&L OR Xello (worksheet field literally reads ""Platform: H&L / Xello""). Needs a phrasing decision."
canvas-page,teacher-1sw-wk2-day-5-facilitator-guide,teacher,B,Page 3: Career 3 complete with HQIM and BLS data.,.tmp/canvas-dump-20260914/canvas/pages/teacher-1sw-wk2-day-5-facilitator-guide.txt,,"1SW Wk2 salary packet: HQIM = the localized salary figure from H&L OR Xello (worksheet field literally reads ""Platform: H&L / Xello""). Needs a phrasing decision."
canvas-page,teacher-1sw-wk4-day-1-facilitator-guide,teacher,B,Open the student guide Daily learning contract Topic: IT Support Careers Objective: Students will identify IT support career opportunities and describe common preparation requirements using district HQIM and fixed career evidence.,.tmp/canvas-dump-20260914/canvas/pages/teacher-1sw-wk4-day-1-facilitator-guide.txt,,"""district HQIM source"" for IT support careers; platform-generic."
canvas-page,teacher-2sw-wk3-day-1-facilitator-guide,teacher,D,84-85 are the assigned district-customized HQIM snapshot.,.tmp/canvas-dump-20260914/canvas/pages/teacher-2sw-wk3-day-1-facilitator-guide.txt,,"HQIM here means the printed *Find Your Future* (FYF) workbook, not Hats & Ladders. Correct replacement is ""Find Your Future workbook"" / ""your workbook"", not ""H&L""."
canvas-page,teacher-2sw-wk3-day-1-facilitator-guide,teacher,D,The assigned FYF page remains valid HQIM;,.tmp/canvas-dump-20260914/canvas/pages/teacher-2sw-wk3-day-1-facilitator-guide.txt,,"HQIM here means the printed *Find Your Future* (FYF) workbook, not Hats & Ladders. Correct replacement is ""Find Your Future workbook"" / ""your workbook"", not ""H&L""."
canvas-page,teacher-4sw-wk2-day-4-facilitator-guide,teacher,D,"Open the matching student guide Before class Required HQIM: one FYF workbook per student, open to pp.",.tmp/canvas-dump-20260914/canvas/pages/teacher-4sw-wk2-day-4-facilitator-guide.txt,,"HQIM here means the printed *Find Your Future* (FYF) workbook, not Hats & Ladders. Correct replacement is ""Find Your Future workbook"" / ""your workbook"", not ""H&L""."
canvas-page,teacher-4sw-wk4-day-5-facilitator-guide,teacher,D,Keep those HQIM names.,.tmp/canvas-dump-20260914/canvas/pages/teacher-4sw-wk4-day-5-facilitator-guide.txt,,"HQIM here means the printed *Find Your Future* (FYF) workbook, not Hats & Ladders. Correct replacement is ""Find Your Future workbook"" / ""your workbook"", not ""H&L""."
canvas-page,teacher-4sw-wk5-day-4-facilitator-guide,teacher,D,Use the HQIM and the right current source for the right job.,.tmp/canvas-dump-20260914/canvas/pages/teacher-4sw-wk5-day-4-facilitator-guide.txt,,"HQIM here means the printed *Find Your Future* (FYF) workbook, not Hats & Ladders. Correct replacement is ""Find Your Future workbook"" / ""your workbook"", not ""H&L""."
canvas-page,teacher-4sw-wk5-day-4-facilitator-guide,teacher,D,"Monitor, pivot, and trim CFU at minute 10: students sort one HQIM program name, one current-campus fact, and one unresolved logistics question.",.tmp/canvas-dump-20260914/canvas/pages/teacher-4sw-wk5-day-4-facilitator-guide.txt,,"HQIM here means the printed *Find Your Future* (FYF) workbook, not Hats & Ladders. Correct replacement is ""Find Your Future workbook"" / ""your workbook"", not ""H&L""."
canvas-page,teacher-4sw-wk5-day-4-facilitator-guide,teacher,D,"Current sources and claim boundaries Irving High School CTE · TCC Automotive · TWC ApprenticeshipTexas Language, reading, and participation supports Keep the HQIM images, word bank, and full frame visible.",.tmp/canvas-dump-20260914/canvas/pages/teacher-4sw-wk5-day-4-facilitator-guide.txt,,"HQIM here means the printed *Find Your Future* (FYF) workbook, not Hats & Ladders. Correct replacement is ""Find Your Future workbook"" / ""your workbook"", not ""H&L""."
canvas-page,teacher-4sw-wk5-day-4-facilitator-guide,teacher,D,"Platform, privacy, materials, and absence route The embedded HQIM pages and two-page fallback are complete when sites fail.",.tmp/canvas-dump-20260914/canvas/pages/teacher-4sw-wk5-day-4-facilitator-guide.txt,,"HQIM here means the printed *Find Your Future* (FYF) workbook, not Hats & Ladders. Correct replacement is ""Find Your Future workbook"" / ""your workbook"", not ""H&L""."
repo-docs,docs/scope-and-sequence.md,lesson-md,C,"84-85 are the district-customized HQIM snapshot for program, IBC, equipment, credential, and experience examples.",docs/scope-and-sequence.md,18,"Planning/pacing doc (dev+teacher planning), policy usage. Leave or optional."
repo-docs,docs/scope-and-sequence.md,lesson-md,C,optional no-workbook scaffolds | FYF/H&L district HQIM;,docs/scope-and-sequence.md,19,"Planning/pacing doc (dev+teacher planning), policy usage. Leave or optional."
repo-docs,docs/scope-and-sequence.md,lesson-md,C,| FYF/H&L district HQIM;,docs/scope-and-sequence.md,22,"Planning/pacing doc (dev+teacher planning), policy usage. Leave or optional."
repo-docs,docs/scope-and-sequence.md,lesson-md,C,Day 2 plans from the HQIM client brief.,docs/scope-and-sequence.md,23,"Planning/pacing doc (dev+teacher planning), policy usage. Leave or optional."
repo-docs,docs/scope-and-sequence.md,lesson-md,C,"Current Irving ISD pages confirm or extend exact campus, course, application, and access details without displacing the HQIM students are using.",docs/scope-and-sequence.md,28,"Planning/pacing doc (dev+teacher planning), policy usage. Leave or optional."
repo-docs,docs/1sw/wk1-robotics-manufacturing/overview.md,lesson-md,D,Keep those details attributed to the workbook so students see the same program information in Canvas and in their HQIM.,docs/1sw/wk1-robotics-manufacturing/overview.md,44,"HQIM here means the printed *Find Your Future* (FYF) workbook, not Hats & Ladders. Correct replacement is ""Find Your Future workbook"" / ""your workbook"", not ""H&L""."
repo-docs,docs/1sw/wk1-robotics-manufacturing/day2.md,lesson-md,A,A different national figure does not replace the district HQIM figure.,docs/1sw/wk1-robotics-manufacturing/day2.md,84,"Inside an [H&L PLATFORM] block that names Hats & Ladders explicitly; ""district HQIM figure"" = the H&L figure."
repo-docs,docs/1sw/wk3-computer-science-it/overview.md,lesson-md,D,Treat that workbook language as the student-facing HQIM.,docs/1sw/wk3-computer-science-it/overview.md,42,"HQIM here means the printed *Find Your Future* (FYF) workbook, not Hats & Ladders. Correct replacement is ""Find Your Future workbook"" / ""your workbook"", not ""H&L""."
repo-docs,docs/1sw/wk3-computer-science-it/overview.md,lesson-md,D,"38 still provides the district HQIM launch into the H&L Information Technology cluster, but H&L browsing, ratings, and exact live titles remain supplemental rather than graded state.",docs/1sw/wk3-computer-science-it/overview.md,63,"HQIM here means the printed *Find Your Future* (FYF) workbook, not Hats & Ladders. Correct replacement is ""Find Your Future workbook"" / ""your workbook"", not ""H&L""."
repo-docs,docs/1sw/wk2-programming-it/overview.md,lesson-md,B,"...t-customized *Find Your Future* workbook, focus on Programming and Software Development, work the ""Powerskill: Resilience"" bounce-back activity, compare three programming careers with clearly labeled HQIM and external-source evidence, and test a programming concept through one verified tutorial or the supplied no-login trace in the Canvas Student Guide....",docs/1sw/wk2-programming-it/overview.md,7,"1SW Wk2 salary packet: HQIM = the localized salary figure from H&L OR Xello (worksheet field literally reads ""Platform: H&L / Xello""). Needs a phrasing decision."
repo-docs,docs/1sw/wk2-programming-it/overview.md,lesson-md,B,"**Success Criteria:** I will know I am successful when my three-career packet keeps the Day 2 HQIM evidence and Day 3 BLS evidence in their labeled sections, my Flip the Failure chart gives a specific next move for all four problems, I can explain one programming concept, and my final reflection connects a Personality Style trait to an IT fit decision.",docs/1sw/wk2-programming-it/overview.md,11,"1SW Wk2 salary packet: HQIM = the localized salary figure from H&L OR Xello (worksheet field literally reads ""Platform: H&L / Xello""). Needs a phrasing decision."
repo-docs,docs/1sw/wk2-programming-it/overview.md,lesson-md,B,"- **d(2)(A):** Research applicable academic, technical, certification, and training requirements (Day 2 HQIM sections on pages 1-3).",docs/1sw/wk2-programming-it/overview.md,21,"1SW Wk2 salary packet: HQIM = the localized salary figure from H&L OR Xello (worksheet field literally reads ""Platform: H&L / Xello""). Needs a phrasing decision."
repo-docs,docs/1sw/wk2-programming-it/overview.md,lesson-md,B,"Students complete its Day 2 HQIM sections on pages 1-3, add four BLS fields and page 4 on Day 3, then finish page 5 on Day 5.",docs/1sw/wk2-programming-it/overview.md,35,"1SW Wk2 salary packet: HQIM = the localized salary figure from H&L OR Xello (worksheet field literally reads ""Platform: H&L / Xello""). Needs a phrasing decision."
repo-docs,docs/1sw/wk2-programming-it/overview.md,lesson-md,B,Teach those details as attributed HQIM content.,docs/1sw/wk2-programming-it/overview.md,51,"1SW Wk2 salary packet: HQIM = the localized salary figure from H&L OR Xello (worksheet field literally reads ""Platform: H&L / Xello""). Needs a phrasing decision."
repo-docs,docs/1sw/wk2-programming-it/overview.md,lesson-md,B,| 2 | Programming Pathway Deep-Dive | Lightweight four-Hat browse + Day 2 HQIM sections for three selected careers | Pages 1-3 HQIM evidence + hiring decision | Engage · Explore · Explain · Evaluate |,docs/1sw/wk2-programming-it/overview.md,90,"1SW Wk2 salary packet: HQIM = the localized salary figure from H&L OR Xello (worksheet field literally reads ""Platform: H&L / Xello""). Needs a phrasing decision."
repo-docs,docs/1sw/wk2-programming-it/overview.md,lesson-md,B,- **Day 2:** Lightweight four-Hat notes + Day 2 HQIM sections on pages 1-3 + Mini-Case exit ticket.,docs/1sw/wk2-programming-it/overview.md,98,"1SW Wk2 salary packet: HQIM = the localized salary figure from H&L OR Xello (worksheet field literally reads ""Platform: H&L / Xello""). Needs a phrasing decision."
repo-docs,docs/1sw/wk2-programming-it/overview.md,lesson-md,B,"Each record keeps the Day 2 HQIM career title, platform/geography/measure/figure/date, task, and common preparation separate from the Day 3 BLS occupation title, national median/year, entry education, and outlook percent/years.",docs/1sw/wk2-programming-it/overview.md,105,"1SW Wk2 salary packet: HQIM = the localized salary figure from H&L OR Xello (worksheet field literally reads ""Platform: H&L / Xello""). Needs a phrasing decision."
repo-docs,docs/1sw/wk2-programming-it/day5.md,lesson-md,B,Full-credit work accurately represents the student's assessment result and the cited HQIM evidence.,docs/1sw/wk2-programming-it/day5.md,70,"1SW Wk2 salary packet: HQIM = the localized salary figure from H&L OR Xello (worksheet field literally reads ""Platform: H&L / Xello""). Needs a phrasing decision."
repo-docs,docs/1sw/wk2-programming-it/day3.md,lesson-md,B,compare three IT careers while keeping HQIM local figures and external national figures separately labeled;,docs/1sw/wk2-programming-it/day3.md,15,"1SW Wk2 salary packet: HQIM = the localized salary figure from H&L OR Xello (worksheet field literally reads ""Platform: H&L / Xello""). Needs a phrasing decision."
repo-docs,docs/1sw/wk2-programming-it/day3.md,lesson-md,B,**Sources:** Hats & Ladders or Xello for the district-adopted localized HQIM figure;,docs/1sw/wk2-programming-it/day3.md,66,"1SW Wk2 salary packet: HQIM = the localized salary figure from H&L OR Xello (worksheet field literally reads ""Platform: H&L / Xello""). Needs a phrasing decision."
repo-docs,docs/1sw/wk2-programming-it/day3.md,lesson-md,B,The **HQIM localized salary** evidence should already be complete.,docs/1sw/wk2-programming-it/day3.md,70,"1SW Wk2 salary packet: HQIM = the localized salary figure from H&L OR Xello (worksheet field literally reads ""Platform: H&L / Xello""). Needs a phrasing decision."
repo-docs,docs/1sw/wk2-programming-it/day3.md,lesson-md,B,Today they add the BLS national cross-check without replacing or recopying the HQIM section.,docs/1sw/wk2-programming-it/day3.md,70,"1SW Wk2 salary packet: HQIM = the localized salary figure from H&L OR Xello (worksheet field literally reads ""Platform: H&L / Xello""). Needs a phrasing decision."
repo-docs,docs/1sw/wk2-programming-it/day3.md,lesson-md,B,"The HQIM shows _____ as a _____ for _____, so I kept the two measures separate.""",docs/1sw/wk2-programming-it/day3.md,109,"1SW Wk2 salary packet: HQIM = the localized salary figure from H&L OR Xello (worksheet field literally reads ""Platform: H&L / Xello""). Needs a phrasing decision."
repo-docs,docs/1sw/wk2-programming-it/day3.md,lesson-md,B,"- **Absent today:** Use the embedded failed-test images, the Day 2 HQIM records, and the fixed career card inside the BLS guide to complete the same four-row chart and pages 1-4.",docs/1sw/wk2-programming-it/day3.md,133,"1SW Wk2 salary packet: HQIM = the localized salary figure from H&L OR Xello (worksheet field literally reads ""Platform: H&L / Xello""). Needs a phrasing decision."
repo-docs,docs/1sw/wk2-programming-it/day2.md,lesson-md,B,- **Objective:** Students will identify programming career opportunities and research the work and preparation for three careers using a district HQIM source.,docs/1sw/wk2-programming-it/day2.md,6,"1SW Wk2 salary packet: HQIM = the localized salary figure from H&L OR Xello (worksheet field literally reads ""Platform: H&L / Xello""). Needs a phrasing decision."
repo-docs,docs/1sw/wk2-programming-it/day2.md,lesson-md,B,"- **Demonstration of Learning:** Lightweight four-Hat notes, the Day 2 HQIM sections on pages 1-3 of the salary packet, and a supported hiring decision.",docs/1sw/wk2-programming-it/day2.md,8,"1SW Wk2 salary packet: HQIM = the localized salary figure from H&L OR Xello (worksheet field literally reads ""Platform: H&L / Xello""). Needs a phrasing decision."
repo-docs,docs/1sw/wk2-programming-it/day2.md,lesson-md,B,"record each career's exact HQIM title, source labels, task, and common preparation on pages 1-3 of the salary packet |",docs/1sw/wk2-programming-it/day2.md,15,"1SW Wk2 salary packet: HQIM = the localized salary figure from H&L OR Xello (worksheet field literally reads ""Platform: H&L / Xello""). Needs a phrasing decision."
repo-docs,docs/1sw/wk2-programming-it/day2.md,lesson-md,B,| **5E Phases** | Engage: Warm-Up · Explore: Four programming Hats in the app · Explain: Day 2 HQIM evidence on pages 1-3 · Evaluate: Exit Ticket |,docs/1sw/wk2-programming-it/day2.md,17,"1SW Wk2 salary packet: HQIM = the localized salary figure from H&L OR Xello (worksheet field literally reads ""Platform: H&L / Xello""). Needs a phrasing decision."
repo-docs,docs/1sw/wk2-programming-it/day2.md,lesson-md,B,"| **Deliverable** | Lightweight four-Hat notes, Day 2 HQIM sections on pages 1-3, and a supported hiring decision |",docs/1sw/wk2-programming-it/day2.md,18,"1SW Wk2 salary packet: HQIM = the localized salary figure from H&L OR Xello (worksheet field literally reads ""Platform: H&L / Xello""). Needs a phrasing decision."
repo-docs,docs/1sw/wk2-programming-it/day2.md,lesson-md,B,"Keep the three HQIM records, hiring DOL, and 3-minute close.",docs/1sw/wk2-programming-it/day2.md,28,"1SW Wk2 salary packet: HQIM = the localized salary figure from H&L OR Xello (worksheet field literally reads ""Platform: H&L / Xello""). Needs a phrasing decision."
repo-docs,docs/1sw/wk2-programming-it/day2.md,lesson-md,B,"Do not tell them which career is ""better"" before they inspect the HQIM evidence.",docs/1sw/wk2-programming-it/day2.md,60,"1SW Wk2 salary packet: HQIM = the localized salary figure from H&L OR Xello (worksheet field literally reads ""Platform: H&L / Xello""). Needs a phrasing decision."
repo-docs,docs/1sw/wk2-programming-it/day2.md,lesson-md,B,Students choose three careers from the browse and complete only the **Day 2 - HQIM career evidence** section on pages 1-3 of the same five-page packet:,docs/1sw/wk2-programming-it/day2.md,70,"1SW Wk2 salary packet: HQIM = the localized salary figure from H&L OR Xello (worksheet field literally reads ""Platform: H&L / Xello""). Needs a phrasing decision."
repo-docs,docs/1sw/wk5-cybersecurity-it/overview.md,lesson-md,D,### District HQIM,docs/1sw/wk5-cybersecurity-it/overview.md,34,"HQIM here means the printed *Find Your Future* (FYF) workbook, not Hats & Ladders. Correct replacement is ""Find Your Future workbook"" / ""your workbook"", not ""H&L""."
repo-docs,docs/1sw/wk5-cybersecurity-it/overview.md,lesson-md,D,Present these pages as Irving ISD HQIM.,docs/1sw/wk5-cybersecurity-it/overview.md,38,"HQIM here means the printed *Find Your Future* (FYF) workbook, not Hats & Ladders. Correct replacement is ""Find Your Future workbook"" / ""your workbook"", not ""H&L""."
repo-docs,docs/1sw/wk5-cybersecurity-it/day4.md,lesson-md,D,| **HQIM** | FYF pp.,docs/1sw/wk5-cybersecurity-it/day4.md,16,"HQIM here means the printed *Find Your Future* (FYF) workbook, not Hats & Ladders. Correct replacement is ""Find Your Future workbook"" / ""your workbook"", not ""H&L""."
repo-docs,docs/1sw/wk5-cybersecurity-it/day3.md,lesson-md,D,| **District HQIM** | FYF pp.,docs/1sw/wk5-cybersecurity-it/day3.md,16,"HQIM here means the printed *Find Your Future* (FYF) workbook, not Hats & Ladders. Correct replacement is ""Find Your Future workbook"" / ""your workbook"", not ""H&L""."
repo-docs,docs/1sw/wk5-cybersecurity-it/day2.md,lesson-md,D,| **District HQIM** | FYF pp.,docs/1sw/wk5-cybersecurity-it/day2.md,16,"HQIM here means the printed *Find Your Future* (FYF) workbook, not Hats & Ladders. Correct replacement is ""Find Your Future workbook"" / ""your workbook"", not ""H&L""."
repo-docs,docs/1sw/wk4-tech-support-it/overview.md,lesson-md,D,### District HQIM,docs/1sw/wk4-tech-support-it/overview.md,36,"HQIM here means the printed *Find Your Future* (FYF) workbook, not Hats & Ladders. Correct replacement is ""Find Your Future workbook"" / ""your workbook"", not ""H&L""."
repo-docs,docs/1sw/wk4-tech-support-it/overview.md,lesson-md,D,Present the workbook as the student-facing HQIM and use the current district name when describing the program.,docs/1sw/wk4-tech-support-it/overview.md,42,"HQIM here means the printed *Find Your Future* (FYF) workbook, not Hats & Ladders. Correct replacement is ""Find Your Future workbook"" / ""your workbook"", not ""H&L""."
repo-docs,docs/1sw/wk4-tech-support-it/day1.md,lesson-md,B,- **Objective:** Students will identify career opportunities and research and describe common preparation requirements for IT support careers using district HQIM and fixed career evidence.,docs/1sw/wk4-tech-support-it/day1.md,6,"""district HQIM source"" for IT support careers; platform-generic."
repo-docs,docs/1sw/wk4-tech-support-it/day1.md,lesson-md,D,| **HQIM** | FYF pp.,docs/1sw/wk4-tech-support-it/day1.md,16,"HQIM here means the printed *Find Your Future* (FYF) workbook, not Hats & Ladders. Correct replacement is ""Find Your Future workbook"" / ""your workbook"", not ""H&L""."
repo-docs,docs/1sw/wk4-tech-support-it/day2.md,lesson-md,D,| **HQIM** | FYF p.,docs/1sw/wk4-tech-support-it/day2.md,16,"HQIM here means the printed *Find Your Future* (FYF) workbook, not Hats & Ladders. Correct replacement is ""Find Your Future workbook"" / ""your workbook"", not ""H&L""."
repo-docs,docs/2sw/wk3-nursing-health-science/overview.md,lesson-md,D,"84-85 are the district-customized HQIM snapshot for Health Science programs, related IBCs, equipment, and experiences.",docs/2sw/wk3-nursing-health-science/overview.md,56,"HQIM here means the printed *Find Your Future* (FYF) workbook, not Hats & Ladders. Correct replacement is ""Find Your Future workbook"" / ""your workbook"", not ""H&L""."
repo-docs,docs/2sw/wk3-nursing-health-science/day1.md,lesson-md,D,84-85 as the assigned district-customized HQIM snapshot.,docs/2sw/wk3-nursing-health-science/day1.md,33,"HQIM here means the printed *Find Your Future* (FYF) workbook, not Hats & Ladders. Correct replacement is ""Find Your Future workbook"" / ""your workbook"", not ""H&L""."
repo-docs,docs/2sw/wk1-legal-studies/day5.md,lesson-md,D,Present those program details as the district HQIM snapshot and direct students to a counselor for current enrollment requirements.,docs/2sw/wk1-legal-studies/day5.md,50,"HQIM here means the printed *Find Your Future* (FYF) workbook, not Hats & Ladders. Correct replacement is ""Find Your Future workbook"" / ""your workbook"", not ""H&L""."
repo-docs,docs/3sw/wk2-plant-science/overview.md,lesson-md,D,- The *Find Your Future* workbook and aligned H&L materials are the student-facing HQIM.,docs/3sw/wk2-plant-science/overview.md,62,"HQIM here means the printed *Find Your Future* (FYF) workbook, not Hats & Ladders. Correct replacement is ""Find Your Future workbook"" / ""your workbook"", not ""H&L""."
repo-docs,docs/4sw/wk5-automotive/overview.md,lesson-md,D,"168-169 are the district-customized HQIM source for **Automotive Technology**, **Collision Repair**, and **Diesel & Heavy Equipment Technology**.",docs/4sw/wk5-automotive/overview.md,46,"HQIM here means the printed *Find Your Future* (FYF) workbook, not Hats & Ladders. Correct replacement is ""Find Your Future workbook"" / ""your workbook"", not ""H&L""."
repo-docs,docs/4sw/wk5-automotive/day4.md,lesson-md,D,168-169 images as the district-customized HQIM source for program names and examples.,docs/4sw/wk5-automotive/day4.md,22,"HQIM here means the printed *Find Your Future* (FYF) workbook, not Hats & Ladders. Correct replacement is ""Find Your Future workbook"" / ""your workbook"", not ""H&L""."
repo-docs,docs/4sw/wk5-automotive/day4.md,lesson-md,D,"- **CFU at minute 10:** students sort one HQIM program name, one current-campus fact, and one unresolved logistics question.",docs/4sw/wk5-automotive/day4.md,84,"HQIM here means the printed *Find Your Future* (FYF) workbook, not Hats & Ladders. Correct replacement is ""Find Your Future workbook"" / ""your workbook"", not ""H&L""."
repo-docs,docs/4sw/wk4-drone-engineering/overview.md,lesson-md,D,"108-109 are the district HQIM context for Engineering Design, Drone Engineering, postsecondary options, IBCs, CTSOs, and work-based learning.",docs/4sw/wk4-drone-engineering/overview.md,32,"HQIM here means the printed *Find Your Future* (FYF) workbook, not Hats & Ladders. Correct replacement is ""Find Your Future workbook"" / ""your workbook"", not ""H&L""."
repo-build,build/canvas/build_wk4.py,builder/template,B,"1:{""TOPIC"":""IT Support Careers"",""OBJECTIVE"":""Students will identify IT support career opportunities and describe common preparation requirements using district HQIM and fixed career evidence."",""TEKS"":""d(1)(C), d(2)(A)"",""DOL"":""Two-career evidence comparison and one interest-to-task connection.""},",build/canvas/build_wk4.py,180,"""district HQIM source"" for IT support careers; platform-generic."
repo-build,build/canvas/build_wk1.py,builder/template,D,"1:{""TITLE"":""Manufacturing Cluster Tour"",""SUBTITLE"":""50 minutes - required Xello and district HQIM"",""TOPIC"":""Career Clusters"",""OBJECTIVE"":""Students will explore and describe CTE career clusters and identify Manufacturing opportunities using Xello, FYF, and H&L evidence."",""TEKS"":""d(1)(B), d(1)(C)"",...",build/canvas/build_wk1.py,205,"HQIM here means the printed *Find Your Future* (FYF) workbook, not Hats & Ladders. Correct replacement is ""Find Your Future workbook"" / ""your workbook"", not ""H&L""."
repo-build,build/canvas/build_wk1.py,builder/template,B,"Do not overwrite a district HQIM figure with a differently defined national median.</p>"",""SUPPORT"":""<p>Use the pathway sheet, sentence frames, read-aloud, and H&amp;L visual context.",build/canvas/build_wk1.py,205,"Wk1 Day 1 pairs Xello and the workbook; ""district HQIM figure"" = the platform localized figure (H&L or Xello). Needs a phrasing decision."
repo-build,build/canvas/build_wk1.py,builder/template,A,"If sources differ, check geography and measure rather than declaring the HQIM wrong.</p>"",""SUPPORT"":""<p>Use the modeled first stage, Welder example, bilingual field labels, and oral rehearsal.",build/canvas/build_wk1.py,206,Wk1 Day 2 guide mirrors the [H&L PLATFORM] block; HQIM = the H&L figure.
repo-build,build/canvas/build_4sw_wk4.py,builder/template,D,Keep those HQIM names.,build/canvas/build_4sw_wk4.py,602,"HQIM here means the printed *Find Your Future* (FYF) workbook, not Hats & Ladders. Correct replacement is ""Find Your Future workbook"" / ""your workbook"", not ""H&L""."
repo-build,build/canvas/audit_course_grounding.py,builder/template,C,"It uses bounded route language, keeps current BLS and Army COOL facts labeled as cross-checks, preserves workbook/platform HQIM as the student-facing starting point, and provides enough response space for three career comparisons plus a route judgment.",build/canvas/audit_course_grounding.py,294,Developer/policy note; legitimate district policy term. Leave.
repo-build,build/canvas/audit_course_grounding.py,builder/template,C,"210-211 are treated as district-customized HQIM for Singley program, equipment, credential, and experience details.",build/canvas/audit_course_grounding.py,319,Developer/policy note; legitimate district policy term. Leave.
repo-build,build/canvas/build_4sw_wk5.py,builder/template,D,"""name"": ""Q1 - HQIM and current source"",",build/canvas/build_4sw_wk5.py,175,"HQIM here means the printed *Find Your Future* (FYF) workbook, not Hats & Ladders. Correct replacement is ""Find Your Future workbook"" / ""your workbook"", not ""H&L""."
repo-build,build/canvas/build_4sw_wk5.py,builder/template,D,The HQIM supplies the student-facing program context;,build/canvas/build_4sw_wk5.py,183,"HQIM here means the printed *Find Your Future* (FYF) workbook, not Hats & Ladders. Correct replacement is ""Find Your Future workbook"" / ""your workbook"", not ""H&L""."
repo-build,build/canvas/build_4sw_wk5.py,builder/template,D,"""no"": ""Keep the HQIM vocabulary and use the correct current source for details it does not state."",",build/canvas/build_4sw_wk5.py,184,"HQIM here means the printed *Find Your Future* (FYF) workbook, not Hats & Ladders. Correct replacement is ""Find Your Future workbook"" / ""your workbook"", not ""H&L""."
repo-build,build/canvas/build_4sw_wk5.py,builder/template,D,"168: use these HQIM program names."")",build/canvas/build_4sw_wk5.py,601,"HQIM here means the printed *Find Your Future* (FYF) workbook, not Hats & Ladders. Correct replacement is ""Find Your Future workbook"" / ""your workbook"", not ""H&L""."
repo-build,build/canvas/build_4sw_wk5.py,builder/template,D,"""PURPOSE"": ""Use the HQIM program names, current logistics, and route evidence to recommend a first investigation step."",",build/canvas/build_4sw_wk5.py,656,"HQIM here means the printed *Find Your Future* (FYF) workbook, not Hats & Ladders. Correct replacement is ""Find Your Future workbook"" / ""your workbook"", not ""H&L""."
repo-build,build/canvas/build_4sw_wk5.py,builder/template,D,"""STEPS"": step(1, ""Use the HQIM and current district evidence"", ""<p>FYF names Automotive Technology, Collision Repair, and Diesel &amp;",build/canvas/build_4sw_wk5.py,660,"HQIM here means the printed *Find Your Future* (FYF) workbook, not Hats & Ladders. Correct replacement is ""Find Your Future workbook"" / ""your workbook"", not ""H&L""."
repo-build,build/canvas/build_4sw_wk5.py,builder/template,D,"""DONE"": ""<ul><li>four Quiz items;</li><li>HQIM program names;</li><li>three routes considered;</li><li>two source facts;</li><li>one tradeoff or missing fact;</li><li>authorized verification source.</li></ul>"",",build/canvas/build_4sw_wk5.py,665,"HQIM here means the printed *Find Your Future* (FYF) workbook, not Hats & Ladders. Correct replacement is ""Find Your Future workbook"" / ""your workbook"", not ""H&L""."
repo-build,build/canvas/build_4sw_wk5.py,builder/template,D,"""FALLBACK"": ""<p>The two-page fallback and embedded HQIM pages are the complete route when a site fails.",build/canvas/build_4sw_wk5.py,667,"HQIM here means the printed *Find Your Future* (FYF) workbook, not Hats & Ladders. Correct replacement is ""Find Your Future workbook"" / ""your workbook"", not ""H&L""."
repo-build,build/canvas/build_4sw_wk5.py,builder/template,D,"""ALERT"": ""<strong>Use the HQIM and the right current source for the right job.</strong> FYF supplies the student-facing program names.",build/canvas/build_4sw_wk5.py,747,"HQIM here means the printed *Find Your Future* (FYF) workbook, not Hats & Ladders. Correct replacement is ""Find Your Future workbook"" / ""your workbook"", not ""H&L""."
repo-build,build/canvas/build_4sw_wk5.py,builder/template,D,"""MONITOR"": '<ul><li><strong>CFU at minute 10:</strong> students sort one HQIM program name, one current-campus fact, and one unresolved logistics question.",build/canvas/build_4sw_wk5.py,758,"HQIM here means the printed *Find Your Future* (FYF) workbook, not Hats & Ladders. Correct replacement is ""Find Your Future workbook"" / ""your workbook"", not ""H&L""."
repo-build,build/canvas/build_4sw_wk5.py,builder/template,D,"""SUPPORT"": ""<p>Keep the HQIM images, word bank, and full frame visible.",build/canvas/build_4sw_wk5.py,760,"HQIM here means the printed *Find Your Future* (FYF) workbook, not Hats & Ladders. Correct replacement is ""Find Your Future workbook"" / ""your workbook"", not ""H&L""."
repo-build,build/canvas/build_4sw_wk5.py,builder/template,D,"""FALLBACK"": ""<p>The embedded HQIM pages and two-page fallback are complete when sites fail.",build/canvas/build_4sw_wk5.py,761,"HQIM here means the printed *Find Your Future* (FYF) workbook, not Hats & Ladders. Correct replacement is ""Find Your Future workbook"" / ""your workbook"", not ""H&L""."
repo-build,build/canvas/build_4sw_wk2.py,builder/template,D,"""PREP"": f'<ul><li><strong>Required HQIM:</strong> one FYF workbook per student, open to pp.",build/canvas/build_4sw_wk2.py,781,"HQIM here means the printed *Find Your Future* (FYF) workbook, not Hats & Ladders. Correct replacement is ""Find Your Future workbook"" / ""your workbook"", not ""H&L""."
repo-build,build/canvas/build_2sw_wk3.py,builder/template,D,84-85 are the assigned district-customized HQIM snapshot.,build/canvas/build_2sw_wk3.py,274,"HQIM here means the printed *Find Your Future* (FYF) workbook, not Hats & Ladders. Correct replacement is ""Find Your Future workbook"" / ""your workbook"", not ""H&L""."
repo-build,build/canvas/build_2sw_wk3.py,builder/template,D,The assigned FYF page remains valid HQIM;,build/canvas/build_2sw_wk3.py,286,"HQIM here means the printed *Find Your Future* (FYF) workbook, not Hats & Ladders. Correct replacement is ""Find Your Future workbook"" / ""your workbook"", not ""H&L""."
repo-build,build/canvas/build_wk2.py,builder/template,B,"2:{""TOPIC"":""Programming Careers"",""OBJECTIVE"":""Students will identify programming career opportunities and research the work and preparation for three careers using a district HQIM source."",""TEKS"":""d(1)(C), d(2)(A)"",""DOL"":""Lightweight four-Hat notes, the Day 2 HQIM sections on pages 1-3 of the salary packet, and a supported hiring decision.""},",build/canvas/build_wk2.py,189,"1SW Wk2 salary packet: HQIM = the localized salary figure from H&L OR Xello (worksheet field literally reads ""Platform: H&L / Xello""). Needs a phrasing decision."
repo-build,build/canvas/build_wk2.py,builder/template,B,"""EVIDENCE"":""<p>Students keep lightweight four-Hat browse notes, then choose three careers and complete only the Day 2 HQIM section on pages 1-3 of the salary packet.",build/canvas/build_wk2.py,215,"1SW Wk2 salary packet: HQIM = the localized salary figure from H&L OR Xello (worksheet field literally reads ""Platform: H&L / Xello""). Needs a phrasing decision."
repo-build,build/canvas/build_wk2.py,builder/template,B,"flow(""#1f617a"",""Minutes 16-40 - Complete Day 2 HQIM sections on pages 1-3"",'''<p>Students select three careers from their browse and open the five-page IT Salary Comparison packet.</p><ul><li>Students complete ONLY the <strong>Day 2 - HQIM career evid...",build/canvas/build_wk2.py,219,"1SW Wk2 salary packet: HQIM = the localized salary figure from H&L OR Xello (worksheet field literally reads ""Platform: H&L / Xello""). Needs a phrasing decision."
repo-build,build/canvas/build_wk2.py,builder/template,B,Protect the three completed HQIM packet sections and the hiring scenario DOL.</li></ul>'''),build/canvas/build_wk2.py,221,"1SW Wk2 salary packet: HQIM = the localized salary figure from H&L OR Xello (worksheet field literally reads ""Platform: H&L / Xello""). Needs a phrasing decision."
repo-build,build/canvas/build_wk2.py,builder/template,B,"do not cut the three selected HQIM records, hiring DOL, or close.</p>"",",build/canvas/build_wk2.py,223,"1SW Wk2 salary packet: HQIM = the localized salary figure from H&L OR Xello (worksheet field literally reads ""Platform: H&L / Xello""). Needs a phrasing decision."
repo-build,build/canvas/build_wk2.py,builder/template,A,"""FALLBACK"":""<p>Use the verified Web Developer model for one career and any available HQIM Hat pages for the other two.",build/canvas/build_wk2.py,225,"""HQIM Hat pages"" = Hats & Ladders Hat profiles specifically."
repo-build,build/canvas/build_wk2.py,builder/template,B,"""ALERT"":""<strong>Keep each measure attached to its label.</strong> H&amp;L or Xello supplies the district HQIM localized figure;",build/canvas/build_wk2.py,228,"1SW Wk2 salary packet: HQIM = the localized salary figure from H&L OR Xello (worksheet field literally reads ""Platform: H&L / Xello""). Needs a phrasing decision."
repo-build,build/canvas/build_wk2.py,builder/template,B,"... BLS occupation title, (2) National median pay + data year, (3) Typical entry-level education, and (4) Job outlook percentage + projection years.</li><li>Teach students the crucial distinction: local HQIM starting ranges vs....",build/canvas/build_wk2.py,235,"1SW Wk2 salary packet: HQIM = the localized salary figure from H&L OR Xello (worksheet field literally reads ""Platform: H&L / Xello""). Needs a phrasing decision."
repo-build,build/canvas/build_wk2.py,builder/template,B,"""FALLBACK"":""<p>If a live source fails, use the student's Day 2 HQIM record and the fixed career card inside the BLS guide.",build/canvas/build_wk2.py,241,"1SW Wk2 salary packet: HQIM = the localized salary figure from H&L OR Xello (worksheet field literally reads ""Platform: H&L / Xello""). Needs a phrasing decision."
repo-build,build/canvas/build_wk2.py,builder/template,B,"...es 42-47 - Minor 2 packet audit and submission"",'''<p>Students conduct a self-audit of all five packet pages against the Minor 2 rubric before turning it in.</p><ul><li>Page 1: Career 1 complete with HQIM and BLS data.</li><li>Page 2: Career 2 complete with HQIM and BLS data.</li><li>Page 3: Career 3 complete with HQIM and BLS data.</li><li>Page 4: IT Salary Comparison and prediction check.</li><li>Pa...",build/canvas/build_wk2.py,268,"1SW Wk2 salary packet: HQIM = the localized salary figure from H&L OR Xello (worksheet field literally reads ""Platform: H&L / Xello""). Needs a phrasing decision."
repo-build,build/canvas/templates/wk2-day2-student.html,builder/template,B,"<p style=""margin:10px 0 0;font-size:18px"">Browse four programming Hats, choose three careers, and record their HQIM work, preparation, and salary evidence.</p>",build/canvas/templates/wk2-day2-student.html,5,"1SW Wk2 salary packet: HQIM = the localized salary figure from H&L OR Xello (worksheet field literally reads ""Platform: H&L / Xello""). Needs a phrasing decision."
repo-build,build/canvas/templates/wk2-day2-student.html,builder/template,B,1–3: HQIM Sections) &amp;,build/canvas/templates/wk2-day2-student.html,9,"1SW Wk2 salary packet: HQIM = the localized salary figure from H&L OR Xello (worksheet field literally reads ""Platform: H&L / Xello""). Needs a phrasing decision."
repo-build,build/canvas/templates/wk2-day2-student.html,builder/template,B,<li>choose three careers and complete the Day 2 HQIM sections on pages 1–3;,build/canvas/templates/wk2-day2-student.html,17,"1SW Wk2 salary packet: HQIM = the localized salary figure from H&L OR Xello (worksheet field literally reads ""Platform: H&L / Xello""). Needs a phrasing decision."
repo-build,build/canvas/templates/wk2-day2-student.html,builder/template,B,"On pages 1–3, complete only the <strong>Day 2 — HQIM career evidence</strong> section:</p>",build/canvas/templates/wk2-day2-student.html,36,"1SW Wk2 salary packet: HQIM = the localized salary figure from H&L OR Xello (worksheet field literally reads ""Platform: H&L / Xello""). Needs a phrasing decision."
repo-build,build/canvas/templates/wk2-day2-student.html,builder/template,B,<li>pages 1–3 have complete Day 2 HQIM sections for three careers;</li>,build/canvas/templates/wk2-day2-student.html,68,"1SW Wk2 salary packet: HQIM = the localized salary figure from H&L OR Xello (worksheet field literally reads ""Platform: H&L / Xello""). Needs a phrasing decision."
repo-build,build/canvas/templates/wk2-day2-student.html,builder/template,A,<p>Use the verified model for one career and any available HQIM Hat pages for the other two.,build/canvas/templates/wk2-day2-student.html,76,"""HQIM Hat pages"" = Hats & Ladders Hat profiles specifically."
repo-build,build/canvas/templates/wk2-day3-student.html,builder/template,B,Keep the Day 2 HQIM figure and Day 3 BLS median in their separate labeled sections.)</em></p>,build/canvas/templates/wk2-day3-student.html,48,"1SW Wk2 salary packet: HQIM = the localized salary figure from H&L OR Xello (worksheet field literally reads ""Platform: H&L / Xello""). Needs a phrasing decision."
repo-build,build/canvas/templates/wk2-day3-student.html,builder/template,B,"The HQIM shows <strong>[$]</strong> as a <strong>[range/median label]</strong> for <strong>[region]</strong>, so I kept the two measures separate.”",build/canvas/templates/wk2-day3-student.html,61,"1SW Wk2 salary packet: HQIM = the localized salary figure from H&L OR Xello (worksheet field literally reads ""Platform: H&L / Xello""). Needs a phrasing decision."
repo-build,build/canvas/templates/wk2-day3-student.html,builder/template,B,<li>pages 1–3 keep the Day 2 HQIM evidence and add the four Day 3 BLS fields;</li>,build/canvas/templates/wk2-day3-student.html,69,"1SW Wk2 salary packet: HQIM = the localized salary figure from H&L OR Xello (worksheet field literally reads ""Platform: H&L / Xello""). Needs a phrasing decision."
repo-build,build/canvas/templates/wk2-day3-student.html,builder/template,B,"<p>Use the embedded failed-test images, your Day 2 HQIM records, and the fixed career card inside the BLS guide to complete the same four-row chart and pages 1–4.",build/canvas/templates/wk2-day3-student.html,77,"1SW Wk2 salary packet: HQIM = the localized salary figure from H&L OR Xello (worksheet field literally reads ""Platform: H&L / Xello""). Needs a phrasing decision."
repo-build,build/worksheet_sources/wk2-it-salary-comparison-model.md,builder/template,B,### HQIM localized salary,build/worksheet_sources/wk2-it-salary-comparison-model.md,18,"1SW Wk2 salary packet: HQIM = the localized salary figure from H&L OR Xello (worksheet field literally reads ""Platform: H&L / Xello""). Needs a phrasing decision."
repo-build,build/worksheet_sources/wk2-it-salary-comparison-model.md,builder/template,B,It may be broader than the HQIM career.,build/worksheet_sources/wk2-it-salary-comparison-model.md,28,"1SW Wk2 salary packet: HQIM = the localized salary figure from H&L OR Xello (worksheet field literally reads ""Platform: H&L / Xello""). Needs a phrasing decision."
repo-build,build/worksheet_sources/3sw-wk2-plant-career-evidence-guide.md,builder/template,D,It should not silently replace or contradict the HQIM during the lesson.,build/worksheet_sources/3sw-wk2-plant-career-evidence-guide.md,42,"HQIM here means the printed *Find Your Future* (FYF) workbook, not Hats & Ladders. Correct replacement is ""Find Your Future workbook"" / ""your workbook"", not ""H&L""."
repo-build,build/worksheet_sources/wk2-bls-data-guide.md,builder/template,B,## Match the HQIM title to the BLS occupation,build/worksheet_sources/wk2-bls-data-guide.md,14,"1SW Wk2 salary packet: HQIM = the localized salary figure from H&L OR Xello (worksheet field literally reads ""Platform: H&L / Xello""). Needs a phrasing decision."
repo-build,build/worksheet_sources/wk2-bls-data-guide.md,builder/template,B,| HQIM career title | Closest BLS occupation for this lesson |,build/worksheet_sources/wk2-bls-data-guide.md,16,"1SW Wk2 salary packet: HQIM = the localized salary figure from H&L OR Xello (worksheet field literally reads ""Platform: H&L / Xello""). Needs a phrasing decision."
repo-build,build/worksheet_sources/wk2-bls-data-guide.md,builder/template,B,Keep the HQIM title in the HQIM section and write the broader BLS title in the BLS section.,build/worksheet_sources/wk2-bls-data-guide.md,23,"1SW Wk2 salary packet: HQIM = the localized salary figure from H&L OR Xello (worksheet field literally reads ""Platform: H&L / Xello""). Needs a phrasing decision."
repo-build,build/worksheet_sources/wk2-bls-data-guide.md,builder/template,B,- **One BLS occupation can match more than one HQIM title.** That is expected.,build/worksheet_sources/wk2-bls-data-guide.md,53,"1SW Wk2 salary packet: HQIM = the localized salary figure from H&L OR Xello (worksheet field literally reads ""Platform: H&L / Xello""). Needs a phrasing decision."
repo-build,build/worksheet_sources/4sw-wk5-automotive-evidence-brief.md,builder/template,D,First route I would investigate: [ ] Irving HQIM/current district route [ ] TCC example [ ] Registered Apprenticeship [ ] employer/OJT,build/worksheet_sources/4sw-wk5-automotive-evidence-brief.md,63,"HQIM here means the printed *Find Your Future* (FYF) workbook, not Hats & Ladders. Correct replacement is ""Find Your Future workbook"" / ""your workbook"", not ""H&L""."
repo-build,build/worksheet_sources/4sw-wk5-automotive-route-decision.md,builder/template,D,Connect the HQIM route to current logistics,build/worksheet_sources/4sw-wk5-automotive-route-decision.md,13,"HQIM here means the printed *Find Your Future* (FYF) workbook, not Hats & Ladders. Correct replacement is ""Find Your Future workbook"" / ""your workbook"", not ""H&L""."
repo-build,build/worksheet_sources/4sw-wk5-automotive-route-decision.md,builder/template,D,Use those HQIM program names.,build/worksheet_sources/4sw-wk5-automotive-route-decision.md,15,"HQIM here means the printed *Find Your Future* (FYF) workbook, not Hats & Ladders. Correct replacement is ""Find Your Future workbook"" / ""your workbook"", not ""H&L""."
repo-build,build/worksheet_sources/4sw-wk5-automotive-route-decision.md,builder/template,D,| Evidence job | What the HQIM or current district page supports | What still needs verification |,build/worksheet_sources/4sw-wk5-automotive-route-decision.md,17,"HQIM here means the printed *Find Your Future* (FYF) workbook, not Hats & Ladders. Correct replacement is ""Find Your Future workbook"" / ""your workbook"", not ""H&L""."
repo-build,build/worksheet_sources/4sw-wk5-automotive-route-decision.md,builder/template,D,| Irving HQIM/current district route | | | |,build/worksheet_sources/4sw-wk5-automotive-route-decision.md,42,"HQIM here means the printed *Find Your Future* (FYF) workbook, not Hats & Ladders. Correct replacement is ""Find Your Future workbook"" / ""your workbook"", not ""H&L""."
repo-build,build/worksheet_sources/wk2-it-salary-comparison.md,builder/template,B,"On Day 2, choose three programming or IT careers available in H&L or Xello and complete only the HQIM section on pages 1-3.",build/worksheet_sources/wk2-it-salary-comparison.md,12,"1SW Wk2 salary packet: HQIM = the localized salary figure from H&L OR Xello (worksheet field literally reads ""Platform: H&L / Xello""). Needs a phrasing decision."
repo-build,build/worksheet_sources/wk2-it-salary-comparison.md,builder/template,B,### Day 2 - HQIM career evidence,build/worksheet_sources/wk2-it-salary-comparison.md,16,"1SW Wk2 salary packet: HQIM = the localized salary figure from H&L OR Xello (worksheet field literally reads ""Platform: H&L / Xello""). Needs a phrasing decision."
repo-build,build/worksheet_sources/wk2-it-salary-comparison.md,builder/template,B,**HQIM localized salary**,build/worksheet_sources/wk2-it-salary-comparison.md,20,"1SW Wk2 salary packet: HQIM = the localized salary figure from H&L OR Xello (worksheet field literally reads ""Platform: H&L / Xello""). Needs a phrasing decision."
repo-build,build/worksheet_sources/wk2-it-salary-comparison.md,builder/template,B,### Day 2 - HQIM career evidence,build/worksheet_sources/wk2-it-salary-comparison.md,50,"1SW Wk2 salary packet: HQIM = the localized salary figure from H&L OR Xello (worksheet field literally reads ""Platform: H&L / Xello""). Needs a phrasing decision."
repo-build,build/worksheet_sources/wk2-it-salary-comparison.md,builder/template,B,**HQIM localized salary**,build/worksheet_sources/wk2-it-salary-comparison.md,54,"1SW Wk2 salary packet: HQIM = the localized salary figure from H&L OR Xello (worksheet field literally reads ""Platform: H&L / Xello""). Needs a phrasing decision."
repo-build,build/worksheet_sources/wk2-it-salary-comparison.md,builder/template,B,### Day 2 - HQIM career evidence,build/worksheet_sources/wk2-it-salary-comparison.md,82,"1SW Wk2 salary packet: HQIM = the localized salary figure from H&L OR Xello (worksheet field literally reads ""Platform: H&L / Xello""). Needs a phrasing decision."
repo-build,build/worksheet_sources/wk2-it-salary-comparison.md,builder/template,B,**HQIM localized salary**,build/worksheet_sources/wk2-it-salary-comparison.md,86,"1SW Wk2 salary packet: HQIM = the localized salary figure from H&L OR Xello (worksheet field literally reads ""Platform: H&L / Xello""). Needs a phrasing decision."
repo-build,build/worksheet_sources/wk2-it-salary-comparison.md,builder/template,B,Which career has the highest HQIM localized salary figure?** Name the figure and its measure.,build/worksheet_sources/wk2-it-salary-comparison.md,114,"1SW Wk2 salary packet: HQIM = the localized salary figure from H&L OR Xello (worksheet field literally reads ""Platform: H&L / Xello""). Needs a phrasing decision."
repo-build,build/decks/1sw-wk5-day2-safe-or-spoofed/build.mjs,builder/template,D,const hqimSource =,build/decks/1sw-wk5-day2-safe-or-spoofed/build.mjs,24,"HQIM here means the printed *Find Your Future* (FYF) workbook, not Hats & Ladders. Correct replacement is ""Find Your Future workbook"" / ""your workbook"", not ""H&L""."
repo-build,build/decks/1sw-wk5-day2-safe-or-spoofed/build.mjs,builder/template,D,"""District-licensed HQIM;",build/decks/1sw-wk5-day2-safe-or-spoofed/build.mjs,25,"HQIM here means the printed *Find Your Future* (FYF) workbook, not Hats & Ladders. Correct replacement is ""Find Your Future workbook"" / ""your workbook"", not ""H&L""."
repo-build,build/decks/1sw-wk5-day2-safe-or-spoofed/build.mjs,builder/template,D,"""District-licensed HQIM;",build/decks/1sw-wk5-day2-safe-or-spoofed/build.mjs,27,"HQIM here means the printed *Find Your Future* (FYF) workbook, not Hats & Ladders. Correct replacement is ""Find Your Future workbook"" / ""your workbook"", not ""H&L""."
repo-build,build/decks/1sw-wk5-day2-safe-or-spoofed/build.mjs,builder/template,D,"1: ""District-licensed HQIM;",build/decks/1sw-wk5-day2-safe-or-spoofed/build.mjs,29,"HQIM here means the printed *Find Your Future* (FYF) workbook, not Hats & Ladders. Correct replacement is ""Find Your Future workbook"" / ""your workbook"", not ""H&L""."
repo-build,build/decks/1sw-wk5-day2-safe-or-spoofed/build.mjs,builder/template,D,"2: ""District-licensed HQIM;",build/decks/1sw-wk5-day2-safe-or-spoofed/build.mjs,30,"HQIM here means the printed *Find Your Future* (FYF) workbook, not Hats & Ladders. Correct replacement is ""Find Your Future workbook"" / ""your workbook"", not ""H&L""."
repo-build,build/decks/1sw-wk5-day2-safe-or-spoofed/build.mjs,builder/template,D,"3: ""District-licensed HQIM;",build/decks/1sw-wk5-day2-safe-or-spoofed/build.mjs,31,"HQIM here means the printed *Find Your Future* (FYF) workbook, not Hats & Ladders. Correct replacement is ""Find Your Future workbook"" / ""your workbook"", not ""H&L""."
repo-build,build/decks/1sw-wk5-day2-safe-or-spoofed/build.mjs,builder/template,D,"4: ""District-licensed HQIM;",build/decks/1sw-wk5-day2-safe-or-spoofed/build.mjs,32,"HQIM here means the printed *Find Your Future* (FYF) workbook, not Hats & Ladders. Correct replacement is ""Find Your Future workbook"" / ""your workbook"", not ""H&L""."
repo-build,build/decks/1sw-wk5-day2-safe-or-spoofed/build.mjs,builder/template,D,"5: ""District-licensed HQIM;",build/decks/1sw-wk5-day2-safe-or-spoofed/build.mjs,33,"HQIM here means the printed *Find Your Future* (FYF) workbook, not Hats & Ladders. Correct replacement is ""Find Your Future workbook"" / ""your workbook"", not ""H&L""."
repo-build,build/decks/1sw-wk5-day2-safe-or-spoofed/build.mjs,builder/template,D,"6: ""District-licensed HQIM;",build/decks/1sw-wk5-day2-safe-or-spoofed/build.mjs,34,"HQIM here means the printed *Find Your Future* (FYF) workbook, not Hats & Ladders. Correct replacement is ""Find Your Future workbook"" / ""your workbook"", not ""H&L""."
repo-build,build/decks/1sw-wk5-day2-safe-or-spoofed/build.mjs,builder/template,D,"7: ""District-licensed HQIM;",build/decks/1sw-wk5-day2-safe-or-spoofed/build.mjs,35,"HQIM here means the printed *Find Your Future* (FYF) workbook, not Hats & Ladders. Correct replacement is ""Find Your Future workbook"" / ""your workbook"", not ""H&L""."
repo-build,build/decks/1sw-wk5-day2-safe-or-spoofed/build.mjs,builder/template,D,"pair each term with the printed visual."",trim:""Combine clues 4 and 5 if needed, but preserve the boundary statements."",sources:[hqimSource, lessonSource]}),",build/decks/1sw-wk5-day2-safe-or-spoofed/build.mjs,60,"HQIM here means the printed *Find Your Future* (FYF) workbook, not Hats & Ladders. Correct replacement is ""Find Your Future workbook"" / ""your workbook"", not ""H&L""."
repo-build,build/decks/1sw-wk5-day2-safe-or-spoofed/build.mjs,builder/template,D,"never send or post."",monitor:""No live links, QR codes, attachments, real identities, credentials, or district impersonation."",support:""Students may label two red flags instead of drafting complete prose."",trim:""Primary trim point: omit this slide before cutting the DOL."",sources:[hqimSource, lessonSource]}),",build/decks/1sw-wk5-day2-safe-or-spoofed/build.mjs,77,"HQIM here means the printed *Find Your Future* (FYF) workbook, not Hats & Ladders. Correct replacement is ""Find Your Future workbook"" / ""your workbook"", not ""H&L""."
repo-build,build/decks/1sw-wk5-day2-safe-or-spoofed/build.mjs,builder/template,D,"direct URLs and an access date appear for the current public guidance."",students:""No action."",monitor:""N/A"",support:""N/A"",trim:""This slide may remain at the end without classroom discussion."",sources:[hqimSource, climberSource, cisaSource, lessonSource]}),",build/decks/1sw-wk5-day2-safe-or-spoofed/build.mjs,80,"HQIM here means the printed *Find Your Future* (FYF) workbook, not Hats & Ladders. Correct replacement is ""Find Your Future workbook"" / ""your workbook"", not ""H&L""."
repo-build,build/decks/1sw-wk5-day2-safe-or-spoofed/build.mjs,builder/template,D,"[hqimSource, climberSource, cisaSource, lessonSource].join(""\n\n""),",build/decks/1sw-wk5-day2-safe-or-spoofed/build.mjs,140,"HQIM here means the printed *Find Your Future* (FYF) workbook, not Hats & Ladders. Correct replacement is ""Find Your Future workbook"" / ""your workbook"", not ""H&L""."
repo-build,build/decks/1sw-wk5-day2-safe-or-spoofed/deck.html,builder/template,D,"<div class=""credit""><h3>District HQIM</h3><p><em>Find Your Future</em>, pp.",build/decks/1sw-wk5-day2-safe-or-spoofed/deck.html,395,"HQIM here means the printed *Find Your Future* (FYF) workbook, not Hats & Ladders. Correct replacement is ""Find Your Future workbook"" / ""your workbook"", not ""H&L""."
repo-build,build/google_docs/student_worksheet_content_specs.draft.json,builder/template,D,"""purpose"": ""Lightweight four-Hat notes, the Day 2 HQIM sections on pages 1-3 of the salary packet, and a supported hiring decision."",",build/google_docs/student_worksheet_content_specs.draft.json,3089,"HQIM here means the printed *Find Your Future* (FYF) workbook, not Hats & Ladders. Correct replacement is ""Find Your Future workbook"" / ""your workbook"", not ""H&L""."
repo-build,build/google_docs/student_worksheet_content_specs.draft.json,builder/template,D,"""demonstration_of_learning"": ""Lightweight four-Hat notes, the Day 2 HQIM sections on pages 1-3 of the salary packet, and a supported hiring decision."",",build/google_docs/student_worksheet_content_specs.draft.json,3090,"HQIM here means the printed *Find Your Future* (FYF) workbook, not Hats & Ladders. Correct replacement is ""Find Your Future workbook"" / ""your workbook"", not ""H&L""."
repo-build,build/google_docs/student_worksheet_content_specs.draft.json,builder/template,D,"On Day 2, choose three programming or IT careers available in H&L or Xello and complete only the HQIM section on pages 1-3.",build/google_docs/student_worksheet_content_specs.draft.json,3092,"HQIM here means the printed *Find Your Future* (FYF) workbook, not Hats & Ladders. Correct replacement is ""Find Your Future workbook"" / ""your workbook"", not ""H&L""."
repo-build,build/google_docs/student_worksheet_content_specs.draft.json,builder/template,D,"On Day 2, choose three programming or IT careers available in H&L or Xello and complete only the HQIM section on pages 1-3.",build/google_docs/student_worksheet_content_specs.draft.json,3114,"HQIM here means the printed *Find Your Future* (FYF) workbook, not Hats & Ladders. Correct replacement is ""Find Your Future workbook"" / ""your workbook"", not ""H&L""."
repo-build,build/google_docs/student_worksheet_content_specs.draft.json,builder/template,D,"""text"": ""Day 2 - HQIM career evidence""",build/google_docs/student_worksheet_content_specs.draft.json,3124,"HQIM here means the printed *Find Your Future* (FYF) workbook, not Hats & Ladders. Correct replacement is ""Find Your Future workbook"" / ""your workbook"", not ""H&L""."
repo-build,build/google_docs/student_worksheet_content_specs.draft.json,builder/template,D,"""text"": ""**HQIM localized salary**""",build/google_docs/student_worksheet_content_specs.draft.json,3140,"HQIM here means the printed *Find Your Future* (FYF) workbook, not Hats & Ladders. Correct replacement is ""Find Your Future workbook"" / ""your workbook"", not ""H&L""."
repo-build,build/google_docs/student_worksheet_content_specs.draft.json,builder/template,D,"""text"": ""Day 2 - HQIM career evidence""",build/google_docs/student_worksheet_content_specs.draft.json,3208,"HQIM here means the printed *Find Your Future* (FYF) workbook, not Hats & Ladders. Correct replacement is ""Find Your Future workbook"" / ""your workbook"", not ""H&L""."
repo-build,build/google_docs/student_worksheet_content_specs.draft.json,builder/template,D,"""text"": ""**HQIM localized salary**""",build/google_docs/student_worksheet_content_specs.draft.json,3224,"HQIM here means the printed *Find Your Future* (FYF) workbook, not Hats & Ladders. Correct replacement is ""Find Your Future workbook"" / ""your workbook"", not ""H&L""."
repo-build,build/google_docs/student_worksheet_content_specs.draft.json,builder/template,D,"""text"": ""Day 2 - HQIM career evidence""",build/google_docs/student_worksheet_content_specs.draft.json,3288,"HQIM here means the printed *Find Your Future* (FYF) workbook, not Hats & Ladders. Correct replacement is ""Find Your Future workbook"" / ""your workbook"", not ""H&L""."
repo-build,build/google_docs/student_worksheet_content_specs.draft.json,builder/template,D,"""text"": ""**HQIM localized salary**""",build/google_docs/student_worksheet_content_specs.draft.json,3304,"HQIM here means the printed *Find Your Future* (FYF) workbook, not Hats & Ladders. Correct replacement is ""Find Your Future workbook"" / ""your workbook"", not ""H&L""."
repo-build,build/google_docs/student_worksheet_content_specs.draft.json,builder/template,D,"Which career has the highest HQIM localized salary figure?** Name the figure and its measure.""",build/google_docs/student_worksheet_content_specs.draft.json,3367,"HQIM here means the printed *Find Your Future* (FYF) workbook, not Hats & Ladders. Correct replacement is ""Find Your Future workbook"" / ""your workbook"", not ""H&L""."
repo-build,build/google_docs/student_worksheet_content_specs.draft.json,builder/template,D,"""pages 1–3 have complete Day 2 HQIM sections for three careers;"",",build/google_docs/student_worksheet_content_specs.draft.json,3583,"HQIM here means the printed *Find Your Future* (FYF) workbook, not Hats & Ladders. Correct replacement is ""Find Your Future workbook"" / ""your workbook"", not ""H&L""."
repo-build,build/google_docs/student_worksheet_content_specs.draft.json,builder/template,D,"""pages 1–3 have complete Day 2 HQIM sections for three careers;"",",build/google_docs/student_worksheet_content_specs.draft.json,3697,"HQIM here means the printed *Find Your Future* (FYF) workbook, not Hats & Ladders. Correct replacement is ""Find Your Future workbook"" / ""your workbook"", not ""H&L""."
repo-build,build/google_docs/student_worksheet_content_specs.draft.json,builder/template,D,"On Day 2, choose three programming or IT careers available in H&L or Xello and complete only the HQIM section on pages 1-3.",build/google_docs/student_worksheet_content_specs.draft.json,3769,"HQIM here means the printed *Find Your Future* (FYF) workbook, not Hats & Ladders. Correct replacement is ""Find Your Future workbook"" / ""your workbook"", not ""H&L""."
repo-build,build/google_docs/student_worksheet_content_specs.draft.json,builder/template,D,"The HQIM shows [$] as a [range/median label] for [region], so I kept the two measures separate.”"",",build/google_docs/student_worksheet_content_specs.draft.json,3778,"HQIM here means the printed *Find Your Future* (FYF) workbook, not Hats & Ladders. Correct replacement is ""Find Your Future workbook"" / ""your workbook"", not ""H&L""."
repo-build,build/google_docs/student_worksheet_content_specs.draft.json,builder/template,D,"On Day 2, choose three programming or IT careers available in H&L or Xello and complete only the HQIM section on pages 1-3.",build/google_docs/student_worksheet_content_specs.draft.json,3891,"HQIM here means the printed *Find Your Future* (FYF) workbook, not Hats & Ladders. Correct replacement is ""Find Your Future workbook"" / ""your workbook"", not ""H&L""."
repo-build,build/google_docs/student_worksheet_content_specs.draft.json,builder/template,D,"""text"": ""Day 2 - HQIM career evidence""",build/google_docs/student_worksheet_content_specs.draft.json,3901,"HQIM here means the printed *Find Your Future* (FYF) workbook, not Hats & Ladders. Correct replacement is ""Find Your Future workbook"" / ""your workbook"", not ""H&L""."
repo-build,build/google_docs/student_worksheet_content_specs.draft.json,builder/template,D,"""text"": ""**HQIM localized salary**""",build/google_docs/student_worksheet_content_specs.draft.json,3917,"HQIM here means the printed *Find Your Future* (FYF) workbook, not Hats & Ladders. Correct replacement is ""Find Your Future workbook"" / ""your workbook"", not ""H&L""."
repo-build,build/google_docs/student_worksheet_content_specs.draft.json,builder/template,D,"""text"": ""Day 2 - HQIM career evidence""",build/google_docs/student_worksheet_content_specs.draft.json,3985,"HQIM here means the printed *Find Your Future* (FYF) workbook, not Hats & Ladders. Correct replacement is ""Find Your Future workbook"" / ""your workbook"", not ""H&L""."
repo-build,build/google_docs/student_worksheet_content_specs.draft.json,builder/template,D,"""text"": ""**HQIM localized salary**""",build/google_docs/student_worksheet_content_specs.draft.json,4001,"HQIM here means the printed *Find Your Future* (FYF) workbook, not Hats & Ladders. Correct replacement is ""Find Your Future workbook"" / ""your workbook"", not ""H&L""."
repo-build,build/google_docs/student_worksheet_content_specs.draft.json,builder/template,D,"""text"": ""Day 2 - HQIM career evidence""",build/google_docs/student_worksheet_content_specs.draft.json,4065,"HQIM here means the printed *Find Your Future* (FYF) workbook, not Hats & Ladders. Correct replacement is ""Find Your Future workbook"" / ""your workbook"", not ""H&L""."
repo-build,build/google_docs/student_worksheet_content_specs.draft.json,builder/template,D,"""text"": ""**HQIM localized salary**""",build/google_docs/student_worksheet_content_specs.draft.json,4081,"HQIM here means the printed *Find Your Future* (FYF) workbook, not Hats & Ladders. Correct replacement is ""Find Your Future workbook"" / ""your workbook"", not ""H&L""."
repo-build,build/google_docs/student_worksheet_content_specs.draft.json,builder/template,D,"Which career has the highest HQIM localized salary figure?** Name the figure and its measure.""",build/google_docs/student_worksheet_content_specs.draft.json,4144,"HQIM here means the printed *Find Your Future* (FYF) workbook, not Hats & Ladders. Correct replacement is ""Find Your Future workbook"" / ""your workbook"", not ""H&L""."
repo-build,build/google_docs/student_worksheet_content_specs.draft.json,builder/template,D,"The HQIM shows """,build/google_docs/student_worksheet_content_specs.draft.json,4301,"HQIM here means the printed *Find Your Future* (FYF) workbook, not Hats & Ladders. Correct replacement is ""Find Your Future workbook"" / ""your workbook"", not ""H&L""."
repo-build,build/google_docs/student_worksheet_content_specs.draft.json,builder/template,D,"""pages 1–3 keep the Day 2 HQIM evidence and add the four Day 3 BLS fields;"",",build/google_docs/student_worksheet_content_specs.draft.json,4436,"HQIM here means the printed *Find Your Future* (FYF) workbook, not Hats & Ladders. Correct replacement is ""Find Your Future workbook"" / ""your workbook"", not ""H&L""."
repo-build,build/google_docs/student_worksheet_content_specs.draft.json,builder/template,D,"The HQIM shows """,build/google_docs/student_worksheet_content_specs.draft.json,4489,"HQIM here means the printed *Find Your Future* (FYF) workbook, not Hats & Ladders. Correct replacement is ""Find Your Future workbook"" / ""your workbook"", not ""H&L""."
repo-build,build/google_docs/student_worksheet_content_specs.draft.json,builder/template,D,"""pages 1–3 keep the Day 2 HQIM evidence and add the four Day 3 BLS fields;"",",build/google_docs/student_worksheet_content_specs.draft.json,4626,"HQIM here means the printed *Find Your Future* (FYF) workbook, not Hats & Ladders. Correct replacement is ""Find Your Future workbook"" / ""your workbook"", not ""H&L""."
repo-build,build/google_docs/student_worksheet_content_specs.draft.json,builder/template,D,It should not silently replace or contradict the HQIM during the lesson.,build/google_docs/student_worksheet_content_specs.draft.json,27149,"HQIM here means the printed *Find Your Future* (FYF) workbook, not Hats & Ladders. Correct replacement is ""Find Your Future workbook"" / ""your workbook"", not ""H&L""."
repo-build,build/google_docs/student_worksheet_content_specs.draft.json,builder/template,D,"""purpose"": ""Use the HQIM program names, current logistics, and route evidence to recommend a first investigation step."",",build/google_docs/student_worksheet_content_specs.draft.json,49325,"HQIM here means the printed *Find Your Future* (FYF) workbook, not Hats & Ladders. Correct replacement is ""Find Your Future workbook"" / ""your workbook"", not ""H&L""."
repo-build,build/google_docs/student_worksheet_content_specs.draft.json,builder/template,D,Use those HQIM program names.,build/google_docs/student_worksheet_content_specs.draft.json,49328,"HQIM here means the printed *Find Your Future* (FYF) workbook, not Hats & Ladders. Correct replacement is ""Find Your Future workbook"" / ""your workbook"", not ""H&L""."
repo-build,build/google_docs/student_worksheet_content_specs.draft.json,builder/template,D,"Connect the HQIM route to current logistics""",build/google_docs/student_worksheet_content_specs.draft.json,49343,"HQIM here means the printed *Find Your Future* (FYF) workbook, not Hats & Ladders. Correct replacement is ""Find Your Future workbook"" / ""your workbook"", not ""H&L""."
repo-build,build/google_docs/student_worksheet_content_specs.draft.json,builder/template,D,Use those HQIM program names.,build/google_docs/student_worksheet_content_specs.draft.json,49347,"HQIM here means the printed *Find Your Future* (FYF) workbook, not Hats & Ladders. Correct replacement is ""Find Your Future workbook"" / ""your workbook"", not ""H&L""."
repo-build,build/google_docs/student_worksheet_content_specs.draft.json,builder/template,D,"""text"": ""What the HQIM or current district page supports""",build/google_docs/student_worksheet_content_specs.draft.json,49359,"HQIM here means the printed *Find Your Future* (FYF) workbook, not Hats & Ladders. Correct replacement is ""Find Your Future workbook"" / ""your workbook"", not ""H&L""."
repo-build,build/google_docs/student_worksheet_content_specs.draft.json,builder/template,D,"""text"": ""Irving HQIM/current district route""",build/google_docs/student_worksheet_content_specs.draft.json,49508,"HQIM here means the printed *Find Your Future* (FYF) workbook, not Hats & Ladders. Correct replacement is ""Find Your Future workbook"" / ""your workbook"", not ""H&L""."
repo-build,build/google_docs/student_worksheet_content_specs.draft.json,builder/template,D,"""HQIM program names;"",",build/google_docs/student_worksheet_content_specs.draft.json,49620,"HQIM here means the printed *Find Your Future* (FYF) workbook, not Hats & Ladders. Correct replacement is ""Find Your Future workbook"" / ""your workbook"", not ""H&L""."
repo-build,build/google_docs/student_worksheet_content_specs.draft.json,builder/template,D,"""HQIM program names;"",",build/google_docs/student_worksheet_content_specs.draft.json,49650,"HQIM here means the printed *Find Your Future* (FYF) workbook, not Hats & Ladders. Correct replacement is ""Find Your Future workbook"" / ""your workbook"", not ""H&L""."
repo-build,build/google_docs/student_worksheet_content_specs.draft.json,builder/template,D,"""text"": ""First route I would investigate: [ ] Irving HQIM/current district route [ ] TCC example [ ] Registered Apprenticeship [ ] employer/OJT""",build/google_docs/student_worksheet_content_specs.draft.json,49909,"HQIM here means the printed *Find Your Future* (FYF) workbook, not Hats & Ladders. Correct replacement is ""Find Your Future workbook"" / ""your workbook"", not ""H&L""."
repo-build,build/google_docs/student_worksheet_source_specs.draft.json,builder/template,D,"""demonstration_of_learning"": ""Lightweight four-Hat notes, the Day 2 HQIM sections on pages 1-3 of the salary packet, and a supported hiring decision."",",build/google_docs/student_worksheet_source_specs.draft.json,899,"HQIM here means the printed *Find Your Future* (FYF) workbook, not Hats & Ladders. Correct replacement is ""Find Your Future workbook"" / ""your workbook"", not ""H&L""."
repo-build,build/google_docs/student_worksheet_source_specs.draft.json,builder/template,D,"The HQIM shows _____ as a _____ for _____, so I kept the two measures separate.\""\n\nUse the separate matrix below only when it gives the teacher useful additional evidence.",build/google_docs/student_worksheet_source_specs.draft.json,1028,"HQIM here means the printed *Find Your Future* (FYF) workbook, not Hats & Ladders. Correct replacement is ""Find Your Future workbook"" / ""your workbook"", not ""H&L""."
repo-build,build/google_docs/student_worksheet_source_specs.draft.json,builder/template,D,"""markdown"": ""## Access and Recovery\n\n- **Absent today:** Use the embedded failed-test images, the Day 2 HQIM records, and the fixed career card inside the BLS guide to complete the same four-row chart and pages 1-4.",build/google_docs/student_worksheet_source_specs.draft.json,1044,"HQIM here means the printed *Find Your Future* (FYF) workbook, not Hats & Ladders. Correct replacement is ""Find Your Future workbook"" / ""your workbook"", not ""H&L""."
repo-build,build/google_docs/student_worksheet_source_specs.draft.json,builder/template,D,"""markdown"": ""## Monitoring and supports\n\n- **CFU at minute 10:** students sort one HQIM program name, one current-campus fact, and one unresolved logistics question.",build/google_docs/student_worksheet_source_specs.draft.json,10705,"HQIM here means the printed *Find Your Future* (FYF) workbook, not Hats & Ladders. Correct replacement is ""Find Your Future workbook"" / ""your workbook"", not ""H&L""."
repo-scope,cce-curriculum/scope-and-sequence.md,planning,C,"84-85 are the district-customized HQIM snapshot for program, IBC, equipment, credential, and experience examples.",cce-curriculum/scope-and-sequence.md,18,"Planning/pacing doc (dev+teacher planning), policy usage. Leave or optional."
repo-scope,cce-curriculum/scope-and-sequence.md,planning,C,optional no-workbook scaffolds | FYF/H&L district HQIM;,cce-curriculum/scope-and-sequence.md,19,"Planning/pacing doc (dev+teacher planning), policy usage. Leave or optional."
repo-scope,cce-curriculum/scope-and-sequence.md,planning,C,| FYF/H&L district HQIM;,cce-curriculum/scope-and-sequence.md,22,"Planning/pacing doc (dev+teacher planning), policy usage. Leave or optional."
repo-scope,cce-curriculum/scope-and-sequence.md,planning,C,Day 2 plans from the HQIM client brief.,cce-curriculum/scope-and-sequence.md,23,"Planning/pacing doc (dev+teacher planning), policy usage. Leave or optional."
repo-scope,cce-curriculum/scope-and-sequence.md,planning,C,"Current Irving ISD pages confirm or extend exact campus, course, application, and access details without displacing the HQIM students are using.",cce-curriculum/scope-and-sequence.md,28,"Planning/pacing doc (dev+teacher planning), policy usage. Leave or optional."
dev-note,cce-curriculum/notes/optional-whole-group-slide-deck-workflow.md,dev,C,"district-licensed source, use a record such as `District-licensed HQIM;",cce-curriculum/notes/optional-whole-group-slide-deck-workflow.md,143,Developer/policy note; legitimate district policy term. Leave.
dev-note,cce-curriculum/notes/optional-whole-group-slide-deck-workflow.md,dev,C,district-licensed HQIM or vendor assets already assigned to the lesson;,cce-curriculum/notes/optional-whole-group-slide-deck-workflow.md,155,Developer/policy note; legitimate district policy term. Leave.
dev-note,cce-curriculum/notes/optional-whole-group-slide-deck-workflow.md,dev,C,"- the Scope and Sequence, HQIM pages, platform task, Objective, and DOL match the",cce-curriculum/notes/optional-whole-group-slide-deck-workflow.md,209,Developer/policy note; legitimate district policy term. Leave.
dev-note,cce-curriculum/notes/agentic-slide-production-research-2026-08-23.md,dev,C,"- reads the approved Teacher/Student Guide pair, HQIM pages, platform task, and licensed asset ledger;",cce-curriculum/notes/agentic-slide-production-research-2026-08-23.md,13,Developer/policy note; legitimate district policy term. Leave.
dev-note,cce-curriculum/notes/worksheet-design-standard.md,dev,C,"**HQIM workbook:** If the assigned FYF/H&L workbook page already gives students usable space to complete the DOL, use it.",cce-curriculum/notes/worksheet-design-standard.md,11,Developer/policy note; legitimate district policy term. Leave.
dev-note,cce-curriculum/notes/worksheet-design-standard.md,dev,C,- Prefer district/HQIM visuals in authenticated Canvas when they are the actual teaching source.,cce-curriculum/notes/worksheet-design-standard.md,101,Developer/policy note; legitimate district policy term. Leave.
dev-note,cce-curriculum/notes/implementation-decisions-2026-08-06.md,dev,C,- Xello and Hats & Ladders are district-adopted HQIM sources.,cce-curriculum/notes/implementation-decisions-2026-08-06.md,13,Developer/policy note; legitimate district policy term. Leave.
dev-note,cce-curriculum/notes/implementation-decisions-2026-08-06.md,dev,C,it does not justify rewriting the student lesson away from the HQIM without a district curriculum decision.,cce-curriculum/notes/implementation-decisions-2026-08-06.md,15,Developer/policy note; legitimate district policy term. Leave.
dev-note,cce-curriculum/notes/canvas-build-log.md,dev,C,District HQIM now remains the student-facing source of truth;,cce-curriculum/notes/canvas-build-log.md,845,Developer/policy note; legitimate district policy term. Leave.
dev-note,cce-curriculum/notes/canvas-build-log.md,dev,C,## 2026-08-09 - 1SW Week 2 HQIM and Personality Style repair,cce-curriculum/notes/canvas-build-log.md,851,Developer/policy note; legitimate district policy term. Leave.
dev-note,cce-curriculum/notes/canvas-build-log.md,dev,C,- Applied the district HQIM rule to career evidence.,cce-curriculum/notes/canvas-build-log.md,854,Developer/policy note; legitimate district policy term. Leave.
dev-note,cce-curriculum/notes/canvas-build-log.md,dev,C,"The source lesson preserves the exact HQIM activity: three strengths, five observable problems, three fixes with user benefits, and one redesign sketch.",cce-curriculum/notes/canvas-build-log.md,862,Developer/policy note; legitimate district policy term. Leave.
dev-note,cce-curriculum/notes/canvas-build-log.md,dev,C,- Preserved the district-customized FYF page as HQIM while separating current-source cross-checks.,cce-curriculum/notes/canvas-build-log.md,876,Developer/policy note; legitimate district policy term. Leave.
dev-note,cce-curriculum/notes/canvas-build-log.md,dev,C,District HQIM remains the student-facing starting point;,cce-curriculum/notes/canvas-build-log.md,886,Developer/policy note; legitimate district policy term. Leave.
dev-note,cce-curriculum/notes/canvas-build-log.md,dev,C,The workbook and district platforms remain the student-facing HQIM;,cce-curriculum/notes/canvas-build-log.md,911,Developer/policy note; legitimate district policy term. Leave.
dev-note,cce-curriculum/notes/canvas-build-log.md,dev,C,- Preserved the district HQIM source boundary.,cce-curriculum/notes/canvas-build-log.md,923,Developer/policy note; legitimate district policy term. Leave.
dev-note,cce-curriculum/notes/canvas-build-log.md,dev,C,"Signed-in Canvas review previously confirmed the daily contracts, HQIM/source distinction, and responsive page behavior;",cce-curriculum/notes/canvas-build-log.md,931,Developer/policy note; legitimate district policy term. Leave.
dev-note,cce-curriculum/notes/canvas-build-log.md,dev,C,## 2026-08-09 - 2SW Week 4 HQIM grounding and Medical Billing repair,cce-curriculum/notes/canvas-build-log.md,933,Developer/policy note; legitimate district policy term. Leave.
dev-note,cce-curriculum/notes/canvas-build-log.md,dev,C,FYF/H&amp;L remain the district HQIM;,cce-curriculum/notes/canvas-build-log.md,966,Developer/policy note; legitimate district policy term. Leave.
dev-note,cce-curriculum/notes/canvas-build-log.md,dev,C,FYF and Xello remain the student-facing HQIM;,cce-curriculum/notes/canvas-build-log.md,978,Developer/policy note; legitimate district policy term. Leave.
dev-note,cce-curriculum/notes/canvas-build-log.md,dev,C,FYF and Xello remain the student-facing HQIM;,cce-curriculum/notes/canvas-build-log.md,990,Developer/policy note; legitimate district policy term. Leave.
dev-note,cce-curriculum/notes/canvas-build-log.md,dev,C,FYF remains the student-facing HQIM;,cce-curriculum/notes/canvas-build-log.md,1013,Developer/policy note; legitimate district policy term. Leave.
dev-note,cce-curriculum/notes/canvas-build-log.md,dev,C,FYF and Xello remain the student-facing HQIM;,cce-curriculum/notes/canvas-build-log.md,1025,Developer/policy note; legitimate district policy term. Leave.
dev-note,cce-curriculum/notes/canvas-build-log.md,dev,C,- Kept the HQIM boundary visible.,cce-curriculum/notes/canvas-build-log.md,1042,Developer/policy note; legitimate district policy term. Leave.
dev-note,cce-curriculum/notes/canvas-build-log.md,dev,C,FYF remains the student-facing HQIM;,cce-curriculum/notes/canvas-build-log.md,1062,Developer/policy note; legitimate district policy term. Leave.
dev-note,cce-curriculum/notes/canvas-build-log.md,dev,C,FYF remains the district HQIM and default student surface;,cce-curriculum/notes/canvas-build-log.md,1075,Developer/policy note; legitimate district policy term. Leave.
dev-note,cce-curriculum/notes/canvas-build-log.md,dev,C,FYF remains the student-facing HQIM and default work surface.,cce-curriculum/notes/canvas-build-log.md,1088,Developer/policy note; legitimate district policy term. Leave.
dev-note,cce-curriculum/notes/canvas-build-log.md,dev,C,Public evidence is dated and labeled instead of silently replacing district HQIM.,cce-curriculum/notes/canvas-build-log.md,1113,Developer/policy note; legitimate district policy term. Leave.
dev-note,cce-curriculum/notes/canvas-build-log.md,dev,C,FYF remains the student-facing HQIM.,cce-curriculum/notes/canvas-build-log.md,1136,Developer/policy note; legitimate district policy term. Leave.
dev-note,cce-curriculum/notes/canvas-build-log.md,dev,C,HQIM remains the student-facing starting point;,cce-curriculum/notes/canvas-build-log.md,1158,Developer/policy note; legitimate district policy term. Leave.
dev-note,cce-curriculum/notes/canvas-build-log.md,dev,C,FYF remains the student-facing HQIM.,cce-curriculum/notes/canvas-build-log.md,1169,Developer/policy note; legitimate district policy term. Leave.
dev-note,cce-curriculum/notes/canvas-build-log.md,dev,C,FYF remains the student-facing HQIM and default work surface on Days 1 and 4.,cce-curriculum/notes/canvas-build-log.md,1180,Developer/policy note; legitimate district policy term. Leave.
dev-note,cce-curriculum/notes/canvas-build-log.md,dev,C,"FYF remains the student-facing HQIM and default work surface on Days 1, 3, and 5.",cce-curriculum/notes/canvas-build-log.md,1191,Developer/policy note; legitimate district policy term. Leave.
dev-note,cce-curriculum/notes/canvas-build-log.md,dev,C,"It maps the four HQIM titles to the two broader BLS occupations, preserves HQIM/localized evidence separately, and supplies dated May 2024 national median, entry-education, and 2024-2034 outlook evidence without adding job counts, openings, or duplicate descriptions.",cce-curriculum/notes/canvas-build-log.md,1239,Developer/policy note; legitimate district policy term. Leave.
dev-note,cce-curriculum/notes/canvas-build-log.md,dev,C,"The reviewer inspected all forty responsive Canvas renders and the complete Week 3-4 printable set, then verified HQIM routing, response space, point-of-use EB support, exact contracts, mapped-Minor behavior, teacher-only key isolation, storage locking, Quiz cleanup, and deterministic module assembly.",cce-curriculum/notes/canvas-build-log.md,1251,Developer/policy note; legitimate district policy term. Leave.
dev-note,cce-curriculum/notes/canvas-build-log.md,dev,C,- Preserved the HQIM and platform sequence.,cce-curriculum/notes/canvas-build-log.md,1270,Developer/policy note; legitimate district policy term. Leave.
dev-note,cce-curriculum/notes/canvas-build-log.md,dev,C,- Preserved the HQIM and platform sequence.,cce-curriculum/notes/canvas-build-log.md,1281,Developer/policy note; legitimate district policy term. Leave.
dev-note,cce-curriculum/notes/canvas-build-log.md,dev,C,- Preserved the HQIM and platform sequence.,cce-curriculum/notes/canvas-build-log.md,1292,Developer/policy note; legitimate district policy term. Leave.
dev-note,cce-curriculum/notes/canvas-build-log.md,dev,C,"The Week 6 gate inspected all twenty responsive renders and all sixteen PDF pages, then returned GO on HQIM sequence, Xello privacy, response space, operations, grading, storage, Quiz, and module safeguards.",cce-curriculum/notes/canvas-build-log.md,1294,Developer/policy note; legitimate district policy term. Leave.
dev-note,cce-curriculum/notes/canvas-build-log.md,dev,C,- Preserved the HQIM and counseling sequence.,cce-curriculum/notes/canvas-build-log.md,1303,Developer/policy note; legitimate district policy term. Leave.
dev-note,cce-curriculum/notes/canvas-build-log.md,dev,C,- Preserved the HQIM and district pathway sequence.,cce-curriculum/notes/canvas-build-log.md,1314,Developer/policy note; legitimate district policy term. Leave.
dev-note,cce-curriculum/notes/canvas-build-log.md,dev,C,- Preserved the HQIM and platform sequence.,cce-curriculum/notes/canvas-build-log.md,1325,Developer/policy note; legitimate district policy term. Leave.
dev-note,cce-curriculum/notes/canvas-build-log.md,dev,C,"Current Irving CTE confirms the broad Automotive, Collision Repair and Diesel offering at Cardwell, Irving, MacArthur, and Nimitz, while FYF names remain the student HQIM.",cce-curriculum/notes/canvas-build-log.md,1326,Developer/policy note; legitimate district policy term. Leave.
dev-note,cce-curriculum/notes/canvas-build-log.md,dev,C,- Preserved the HQIM and platform sequence.,cce-curriculum/notes/canvas-build-log.md,1336,Developer/policy note; legitimate district policy term. Leave.
dev-note,cce-curriculum/notes/canvas-build-log.md,dev,C,- Preserved the HQIM sequence and removed duplicate evidence routes.,cce-curriculum/notes/canvas-build-log.md,1348,Developer/policy note; legitimate district policy term. Leave.
dev-note,cce-curriculum/notes/canvas-build-log.md,dev,C,- Preserved the HQIM sequence without making students redo it.,cce-curriculum/notes/canvas-build-log.md,1370,Developer/policy note; legitimate district policy term. Leave.
dev-note,cce-curriculum/notes/canvas-build-log.md,dev,C,- Preserved the HQIM and career-evidence sequence.,cce-curriculum/notes/canvas-build-log.md,1382,Developer/policy note; legitimate district policy term. Leave.
dev-note,cce-curriculum/notes/coursewide-source-grounding-audit-2026-08-09.md,dev,C,"It uses bounded route language, keeps current BLS and Army COOL facts labeled as cross-checks, preserves workbook/platform HQIM as the student-facing starting point, and provides enough response space for three career comparisons plus a route judgment.",cce-curriculum/notes/coursewide-source-grounding-audit-2026-08-09.md,55,Developer/policy note; legitimate district policy term. Leave.
dev-note,cce-curriculum/notes/coursewide-source-grounding-audit-2026-08-09.md,dev,C,"210-211 are treated as district-customized HQIM for Singley program, equipment, credential, and experience details.",cce-curriculum/notes/coursewide-source-grounding-audit-2026-08-09.md,80,Developer/policy note; legitimate district policy term. Leave.
dev-note,cce-curriculum/notes/coursewide-source-grounding-audit-2026-08-09.md,dev,C,"84-85 as the district-customized HQIM snapshot for Irving programs, IBCs, equipment, and experiences.",cce-curriculum/notes/coursewide-source-grounding-audit-2026-08-09.md,86,Developer/policy note; legitimate district policy term. Leave.
dev-note,cce-curriculum/notes/canvas-lesson-production-workflow.md,dev,C,"Use external sources to fill a genuine evidence gap, not to relabel an HQIM career or pathway.",cce-curriculum/notes/canvas-lesson-production-workflow.md,170,Developer/policy note; legitimate district policy term. Leave.
dev-note,cce-curriculum/notes/canvas-lesson-production-workflow.md,dev,C,HQIM content.,cce-curriculum/notes/canvas-lesson-production-workflow.md,376,Developer/policy note; legitimate district policy term. Leave.
dev-note,cce-curriculum/notes/audits/1sw-wk1-wk2-module-language-audit.md,dev,C,- L55 [teacher logic: catch-up] Use the verified model for one career and any available HQIM Hat pages for the other two.,cce-curriculum/notes/audits/1sw-wk1-wk2-module-language-audit.md,112,Dev note quoting student text; policy/dev usage. Leave.
dev-note,cce-curriculum/notes/audits/1sw-wk1-wk2-module-language-audit.md,dev,C,- L55 [teacher move narrated to students] Use the verified model for one career and any available HQIM Hat pages for the other two.,cce-curriculum/notes/audits/1sw-wk1-wk2-module-language-audit.md,113,Dev note quoting student text; policy/dev usage. Leave.
dev-note,cce-curriculum/notes/audits/1sw-wk1-wk2-module-language-audit.md,dev,C,"- L72 [implementer: embed] Use the embedded failed-test images, your Day 2 HQIM records, and the fixed career card inside the BLS guide t",cce-curriculum/notes/audits/1sw-wk1-wk2-module-language-audit.md,122,Developer/policy note; legitimate district policy term. Leave.
dev-note,CLAUDE.md,dev,C,"For teacher- and student-facing career, program, and pathway names, default to the current district-customized FYF workbook and other assigned HQIM.",CLAUDE.md,92,Developer/policy note; legitimate district policy term. Leave.
dev-note,PLANNING.md,dev,C,"source notes, and stay inside locked Canvas when it contains licensed HQIM.",PLANNING.md,330,Developer/policy note; legitimate district policy term. Leave.
pdf,docs/resources/worksheets/wk2-it-salary-comparison-model.pdf,student-pdf,B,HQIM LOCALIZED SALARY Platform: Write H&L or Xello.,docs/resources/worksheets/wk2-it-salary-comparison-model.pdf,,"1SW Wk2 salary packet: HQIM = the localized salary figure from H&L OR Xello (worksheet field literally reads ""Platform: H&L / Xello""). Needs a phrasing decision."
pdf,docs/resources/worksheets/wk2-it-salary-comparison-model.pdf,student-pdf,B,It may be broader than the HQIM career.,docs/resources/worksheets/wk2-it-salary-comparison-model.pdf,,"1SW Wk2 salary packet: HQIM = the localized salary figure from H&L OR Xello (worksheet field literally reads ""Platform: H&L / Xello""). Needs a phrasing decision."
pdf,docs/resources/worksheets/wk2-it-salary-comparison.pdf,student-pdf,B,"On Day 2, choose three programming or IT careers available in H&L or Xello and complete only the HQIM section on pages 1-3.",docs/resources/worksheets/wk2-it-salary-comparison.pdf,,"1SW Wk2 salary packet: HQIM = the localized salary figure from H&L OR Xello (worksheet field literally reads ""Platform: H&L / Xello""). Needs a phrasing decision."
pdf,docs/resources/worksheets/wk2-it-salary-comparison.pdf,student-pdf,B,"Career 1 Evidence Record DAY 2 - HQIM CAREER EVIDENCE Exact career title: HQIM localized salary Platform: H&L / Xello Geography shown: Measure shown (range, median, or other): Figure: Date viewed: One task this worker does: Common prepar...",docs/resources/worksheets/wk2-it-salary-comparison.pdf,,"1SW Wk2 salary packet: HQIM = the localized salary figure from H&L OR Xello (worksheet field literally reads ""Platform: H&L / Xello""). Needs a phrasing decision."
pdf,docs/resources/worksheets/wk2-it-salary-comparison.pdf,student-pdf,B,"IRVING ISD CCE · PAGE 1 OF 5 Career 2 Evidence Record DAY 2 - HQIM CAREER EVIDENCE Exact career title: HQIM localized salary Platform: H&L / Xello Geography shown: Measure shown (range, median, or other): Figure: Date viewed: One task this worker does: Common prepar...",docs/resources/worksheets/wk2-it-salary-comparison.pdf,,"1SW Wk2 salary packet: HQIM = the localized salary figure from H&L OR Xello (worksheet field literally reads ""Platform: H&L / Xello""). Needs a phrasing decision."
pdf,docs/resources/worksheets/wk2-it-salary-comparison.pdf,student-pdf,B,Which career has the highest HQIM localized salary figure?,docs/resources/worksheets/wk2-it-salary-comparison.pdf,,"1SW Wk2 salary packet: HQIM = the localized salary figure from H&L OR Xello (worksheet field literally reads ""Platform: H&L / Xello""). Needs a phrasing decision."
pdf,docs/resources/worksheets/3sw-wk2-plant-career-evidence-guide.pdf,student-pdf,D,It should not silently replace or contradict the HQIM during the lesson.,docs/resources/worksheets/3sw-wk2-plant-career-evidence-guide.pdf,,"HQIM here means the printed *Find Your Future* (FYF) workbook, not Hats & Ladders. Correct replacement is ""Find Your Future workbook"" / ""your workbook"", not ""H&L""."
pdf,docs/resources/worksheets/wk2-bls-data-guide.pdf,student-pdf,B,Match the HQIM title to the BLS occupation HQIM CAREER TITLE CLOSEST BLS OCCUPATION FOR THIS LESSON Software Developer Software Developers App Developer (Mobile) Software Developers Game Developer Software Developers Web Developer Web Developers and Digital Designers App and game development are specializations.,docs/resources/worksheets/wk2-bls-data-guide.pdf,,"1SW Wk2 salary packet: HQIM = the localized salary figure from H&L OR Xello (worksheet field literally reads ""Platform: H&L / Xello""). Needs a phrasing decision."
pdf,docs/resources/worksheets/wk2-bls-data-guide.pdf,student-pdf,B,Keep the HQIM title in the HQIM section and write the broader BLS title in the BLS section.,docs/resources/worksheets/wk2-bls-data-guide.pdf,,"1SW Wk2 salary packet: HQIM = the localized salary figure from H&L OR Xello (worksheet field literally reads ""Platform: H&L / Xello""). Needs a phrasing decision."
pdf,docs/resources/worksheets/wk2-bls-data-guide.pdf,student-pdf,B,One BLS occupation can match more than one HQIM title.,docs/resources/worksheets/wk2-bls-data-guide.pdf,,"1SW Wk2 salary packet: HQIM = the localized salary figure from H&L OR Xello (worksheet field literally reads ""Platform: H&L / Xello""). Needs a phrasing decision."
pdf,docs/resources/worksheets/4sw-wk5-automotive-evidence-brief.pdf,student-pdf,D,Preparation-route decision First route I would investigate: [ ] Irving HQIM/current district route [ ] TCC example [ ] Registered Apprenticeship [ ] employer/OJT One advantage: One tradeoff: One missing fact: Exact verification question and authorized source or person: Use this frame if it helps: “I would investigate [route] first because [advantage].,docs/resources/worksheets/4sw-wk5-automotive-evidence-brief.pdf,,"HQIM here means the printed *Find Your Future* (FYF) workbook, not Hats & Ladders. Correct replacement is ""Find Your Future workbook"" / ""your workbook"", not ""H&L""."
pdf,docs/resources/worksheets/4sw-wk5-automotive-route-decision.pdf,student-pdf,D,Connect the HQIM route to current logistics FYF pp.,docs/resources/worksheets/4sw-wk5-automotive-route-decision.pdf,,"HQIM here means the printed *Find Your Future* (FYF) workbook, not Hats & Ladders. Correct replacement is ""Find Your Future workbook"" / ""your workbook"", not ""H&L""."
pdf,docs/resources/worksheets/4sw-wk5-automotive-route-decision.pdf,student-pdf,D,Use those HQIM program names.,docs/resources/worksheets/4sw-wk5-automotive-route-decision.pdf,,"HQIM here means the printed *Find Your Future* (FYF) workbook, not Hats & Ladders. Correct replacement is ""Find Your Future workbook"" / ""your workbook"", not ""H&L""."
pdf,docs/resources/worksheets/4sw-wk5-automotive-route-decision.pdf,student-pdf,D,EVIDENCE JOB WHAT THE HQIM OR CURRENT DISTRICT PAGE SUPPORTS Program or offering name Campus choices Grade or prerequisite Application or counselor step Schedule or transportation Credential opportunity Why a missing logistics detail should become a question instead of a guess: IRVING ISD CCE · PAGE 1 OF 2 WHAT STILL NEEDS VERIFICATION 2.,docs/resources/worksheets/4sw-wk5-automotive-route-decision.pdf,,"HQIM here means the printed *Find Your Future* (FYF) workbook, not Hats & Ladders. Correct replacement is ""Find Your Future workbook"" / ""your workbook"", not ""H&L""."
pdf,docs/resources/worksheets/4sw-wk5-automotive-route-decision.pdf,student-pdf,D,Dani should ask [authorized source or person] whether [exact question].” Compare the first three routes Dani should investigate: ROUTE ONE SUPPORTED FACT ONE ADVANTAGE Irving HQIM/current district route TCC public technical-college example Actual available Registered Apprenticeship First route Dani should investigate and why: Two source facts that support the recommendation: E...,docs/resources/worksheets/4sw-wk5-automotive-route-decision.pdf,,"HQIM here means the printed *Find Your Future* (FYF) workbook, not Hats & Ladders. Correct replacement is ""Find Your Future workbook"" / ""your workbook"", not ""H&L""."
