day_key,google_doc_title,google_doc_contains,retargeted_pdfs,response_route_candidates,student_page,teacher_page,onenote_status,google_doc_id,flag
1SW-Wk0-Day1,CCE First-Week Goal Setting,exit-ticket-only (⟦EMPTY PARAGRAPH⟧; 1544 chars body),cce-first-week-goal-setting.pdf [worksheet] #14615030 -> student:NOT-LINKED; teacher:LINKED docMatch=0.00,(none),student-1sw-wk0-day-1-cce-notebook-and-first-week-goal,teacher-day-1-facilitator-guide,pending,1rb8sHX56FYPeddRX-QX0_YG-bD7FrZZpQnh06q0r9w8,COLLAPSED
1SW-Wk0-Day2,CCE | 1SW Wk0 Day 2 | Who Are You at Work?,exit-ticket-only (H&L Setup and Discover Your Core; 1840 chars body),(none),(none),student-1sw-wk0-day-2-who-are-you-at-work,teacher-day-2-facilitator-guide,pending,1vfmAFfDd9dR3rygesc0-FhFljoM6OLueUZjc8cxv8LM,
1SW-Wk0-Day3,CCE | 1SW Wk0 Day 3 | Work Values and Building Blocks,"exit-ticket-only (H&L Setup and Discover Your Core; 1840 chars body) — WRONG-DAY CONTENT: body is the 1SW Wk0 Day 2 ""Who Are You at Work?"" ticket",(none),(none),student-1sw-wk0-day-3-work-values-and-building-blocks,teacher-day-3-facilitator-guide,pending,1NWbgTULXk-_2WflAccPMHGQRKeYFt8xu-41oMKczRhQ,WRONG-DAY-DOC
1SW-Wk0-Day4,CCE | 1SW Wk0 Day 4 | My Career Journey Reflection,"exit-ticket-only (H&L Setup and Discover Your Core; 1840 chars body) — WRONG-DAY CONTENT: body is the 1SW Wk0 Day 2 ""Who Are You at Work?"" ticket",my-career-journey.pdf [worksheet/2p] #14615031 -> student:NOT-LINKED; teacher:LINKED docMatch=0.00,(none),student-1sw-wk0-day-4-my-career-journey,teacher-day-4-facilitator-guide,pending,1zE7zuPdx5arGs0IoTFhXjRxVvz4JZ-TVdG7NO1nNsjU,COLLAPSED WRONG-DAY-DOC
1SW-Wk0-Day5,"CCE | 1SW Wk0 Day 5 | Career Perks, Neutrals, and Quirks","exit-ticket-only (H&L Setup and Discover Your Core; 1840 chars body) — WRONG-DAY CONTENT: body is the 1SW Wk0 Day 2 ""Who Are You at Work?"" ticket",(none),(none),student-1sw-wk0-day-5-career-perks-neutrals-and-quirks,teacher-day-5-facilitator-guide,pending,1nMR01dH0hSxJzcQqCwizzB1QDVS1payEx8a7bR01lsA,WRONG-DAY-DOC
1SW-Wk1-Day1,CCE | 1SW Wk1 Day 1 | Manufacturing Cluster Tour - More Than Assembly Lines,exit-ticket-only (Career and College Explorations - Comparison Matrix; 1153 chars body),1sw-wk1-day1-manufacturing-cluster-tour-more-than-assembly-lines.pdf [exit-ticket] #14518997 -> student:NOT-LINKED; teacher:LINKED docMatch=0.00 || manufacturing-pathways-scaffold.pdf [worksheet/1p] #14518990 -> student:NOT-LINKED; teacher:LINKED docMatch=0.00,manufacturing-pathways-scaffold.pdf/1p #14518990 inDoc=no student=NOT-LINKED teacher=LINKED,student-1sw-wk1-day-1-manufacturing-cluster-tour,teacher-1sw-wk1-day-1-facilitator-guide,pending,1yGaTHI61PKqnw80nr0ndAJH0C2XaoBCVUY58QiyObXk,COLLAPSED-MULTI
1SW-Wk1-Day2,CCE | 1SW Wk1 Day 2 | Machine Breakdown Mystery + Hat Research,exit-ticket-only (Career and College Explorations - Mini-Case; 1106 chars body),(none),"career-research-worksheet.pdf/1p #14517430,14565289,14580290,14580292 inDoc=no student=NOT-LINKED teacher=LINKED || technician-checklist-scaffold.pdf/1p #14518991 inDoc=no student=NOT-LINKED teacher=LINKED",student-1sw-wk1-day-2-machine-breakdown-mystery,teacher-1sw-wk1-day-2-facilitator-guide,pending,1HvQ7cg0uy1lgTHuY-9oDHxS8YaW22_jhdIoArf3ViM0,COLLAPSED
1SW-Wk1-Day3,CCE | 1SW Wk1 Day 3 | Designing Metalworks + Job References,exit-ticket-only (Career and College Explorations - Ranked Justification; 1283 chars body),(none),(none),student-1sw-wk1-day-3-design-build-test,teacher-1sw-wk1-day-3-facilitator-guide,pending,1kqewP1o0mhKeKfhQVdfKNc7mFh5hMi-ZSnRMgKNdUs0,
1SW-Wk1-Day4,CCE | 1SW Wk1 Day 4 | Sphero Factory Floor + Task Bot in Action (Part 1),exit-ticket-only (Career and College Explorations - Decision Tree; 1347 chars body),1sw-wk1-robots-for-crayons-action-plan.pdf [worksheet/2p] #14564524 -> student:NOT-LINKED; teacher:LINKED docMatch=0.00,1sw-wk1-robots-for-crayons-action-plan.pdf/2p #14564524 inDoc=no student=NOT-LINKED teacher=LINKED,student-1sw-wk1-day-4-robots-for-crayons-action-plan,teacher-1sw-wk1-day-4-facilitator-guide,pending,1cVB33qTPmpVO8fReqlPuUrHC8zw7UtRFpgrDAGMf02o,COLLAPSED
1SW-Wk1-Day5,CCE | 1SW Wk1 Day 5 | Sphero Run-Through + Task Bot Presentations + Manufacturing Favorites,exit-ticket-only (Career and College Explorations - Concept Map; 1505 chars body),(none),(none),student-1sw-wk1-day-5-xello-matchmaker,teacher-1sw-wk1-day-5-facilitator-guide,pending,1e88SgiPH05W_ZOvy5N2nnDKOdfKgLSwRsBsw121cSQM,
1SW-Wk2-Day1,CCE | 1SW Wk2 Day 1 | IT Cluster Tour - The 5 Pathways,exit-ticket-only (Career and College Explorations - Venn Diagram; 1116 chars body),1sw-wk2-day1-it-cluster-tour-four-irving-programs-of-study.pdf [exit-ticket] #14519034 -> student:NOT-LINKED; teacher:LINKED docMatch=0.00 || wk2-it-programs-scaffold.pdf [worksheet/1p] #14519022 -> student:NOT-LINKED; teacher:LINKED docMatch=0.00,wk2-it-programs-scaffold.pdf/1p #14519022 inDoc=no student=NOT-LINKED teacher=LINKED,student-1sw-wk2-day-1-map-the-it-cluster,teacher-1sw-wk2-day-1-facilitator-guide,pending,1hoghFvnhWMpQ6wMHF_LKQQNf3zDoIpoFXzmRV7PGlJ4,COLLAPSED-MULTI
1SW-Wk2-Day2,"CCE | 1SW Wk2 Day 2 | Programming Pathway Deep-Dive - Software, Web, App, Game",exit-ticket-only (Career and College Explorations - Mini-Case; 1250 chars body),1sw-wk2-day2-programming-pathway-deep-dive-software-web-app-game.pdf [exit-ticket] #14519035 -> student:NOT-LINKED; teacher:LINKED docMatch=0.00 || wk2-it-salary-comparison.pdf [worksheet/5p] #14580354 -> student:NOT-LINKED; teacher:LINKED docMatch=0.00,wk2-it-salary-comparison.pdf/5p #14580354 inDoc=no student=NOT-LINKED teacher=LINKED,student-1sw-wk2-day-2-compare-programming-careers,teacher-1sw-wk2-day-2-facilitator-guide,pending,15MLWoa58s8FZtLZQdWnwS2Mzj58HQCKY1Ric2hWDc2o,COLLAPSED-MULTI
1SW-Wk2-Day3,CCE | 1SW Wk2 Day 3 | IT Salary Showdown - Comparing 3 Programming Careers,exit-ticket-only (Career and College Explorations - Comparison Matrix; 1148 chars body),1sw-wk2-day3-powerskill-resilience-it-salary-showdown.pdf [exit-ticket] #14519036 -> student:NOT-LINKED; teacher:no docMatch=0.00 || wk2-flip-the-failure-scaffold.pdf [worksheet/1p] #14519030 -> student:NOT-LINKED; teacher:no docMatch=0.00 || wk2-it-salary-comparison.pdf [worksheet/5p] #14580354 -> student:NOT-LINKED; teacher:LINKED docMatch=0.00,wk2-bls-data-guide.pdf/2p #14580356 inDoc=no student=LINKED teacher=LINKED || wk2-flip-the-failure-scaffold.pdf/1p #14519030 inDoc=no student=NOT-LINKED teacher=no || wk2-it-salary-comparison.pdf/5p #14580354 inDoc=yes student=NOT-LINKED teacher=LINKED,student-1sw-wk2-day-3-resilience-and-salary-showdown,teacher-1sw-wk2-day-3-facilitator-guide,pending,1jua53MPweEUjs4uBfVEoS71fyhtK3swtvcJNxj90k-8,COLLAPSED-MULTI
1SW-Wk2-Day4,CCE | 1SW Wk2 Day 4 | Code.org Hour of Code (Day 1),exit-ticket-only (Career and College Explorations - Short Constructed Response; 1060 chars body),1sw-wk2-day4-code-org-hour-of-code-day-1.pdf [exit-ticket] #14519037 -> student:NOT-LINKED; teacher:LINKED docMatch=0.00,(none),student-1sw-wk2-day-4-test-a-programming-concept,teacher-1sw-wk2-day-4-facilitator-guide,pending,1D-wBbboQZ9qkXvu91W__I_S2vfZOSowyhJrAdAmGc2I,COLLAPSED
1SW-Wk2-Day5,CCE | 1SW Wk2 Day 5 | Hour of Code (Day 2) + Pathway Fit + IT Favorites,exit-ticket-only (Career and College Explorations - Concept Map; 1327 chars body),(none),wk2-day5-it-pathway-decision.pdf/1p #14519033 inDoc=no student=NOT-LINKED teacher=LINKED,student-1sw-wk2-day-5-personality-style-and-it-decision,teacher-1sw-wk2-day-5-facilitator-guide,pending,1GduEsG_eXneSB_mGsJqCUIA2VplZZ9M2GkPnSn5xhlA,COLLAPSED
1SW-Wk3-Day1,CCE | 1SW Wk3 Day 1 | Networking Systems Pathway + Transferable Skills,exit-ticket-only (Career and College Explorations - Venn Diagram; 1058 chars body),1sw-wk3-day1-networking-systems-pathway-transferable-skills.pdf [exit-ticket] #14519360 -> student:NOT-LINKED; teacher:LINKED docMatch=0.00 || wk3-transferable-skills-list.pdf [worksheet/1p] #14519351 -> student:NOT-LINKED; teacher:LINKED docMatch=0.00,wk3-networking-career-cards.pdf/2p #14580294 inDoc=yes student=LINKED teacher=LINKED || wk3-transferable-skills-list.pdf/1p #14519351 inDoc=no student=NOT-LINKED teacher=LINKED,student-1sw-wk3-day-1-compare-networking-careers,teacher-1sw-wk3-day-1-facilitator-guide,pending,1Z1ZaOjeILLlQAwWo9IvmSfQ1Osd0bDKu1vGEDGJgea4,COLLAPSED-MULTI
1SW-Wk3-Day2,"CCE | 1SW Wk3 Day 2 | Website Design (Part 1) - Read, Plan, Choose",exit-ticket-only (Career and College Explorations - Mini-Case; 1265 chars body),1sw-wk3-day2-website-revamp-audit-a-real-site.pdf [exit-ticket] #14519361 -> student:NOT-LINKED; teacher:LINKED docMatch=0.00 || wk3-ux-audit-scaffold.pdf [worksheet/1p] #14519352 -> student:NOT-LINKED; teacher:LINKED docMatch=0.00,wk3-ux-audit-scaffold.pdf/1p #14519352 inDoc=no student=NOT-LINKED teacher=LINKED,student-1sw-wk3-day-2-audit-a-website,teacher-1sw-wk3-day-2-facilitator-guide,pending,1sCGuPdiUPwvoM0O9m65YyqmzJ_840OAaYXT_CSTtdaM,COLLAPSED-MULTI
1SW-Wk3-Day3,CCE | 1SW Wk3 Day 3 | From Wireframe to Wow — Build the Screens,"exit-ticket-only (H&L Setup and Discover Your Core; 1840 chars body) — WRONG-DAY CONTENT: body is the 1SW Wk0 Day 2 ""Who Are You at Work?"" ticket",wk3-wireframe-template.pdf [worksheet/1p] #14519353 -> student:NOT-LINKED; teacher:LINKED docMatch=0.00,wk3-wireframe-template.pdf/1p #14519353 inDoc=no student=NOT-LINKED teacher=LINKED,student-1sw-wk3-day-3-build-four-app-screens,teacher-1sw-wk3-day-3-facilitator-guide,pending,1SyQB5eeYORonPaLr8_U3LKUp7bC2BnECxTpsRST7OuU,COLLAPSED WRONG-DAY-DOC
1SW-Wk3-Day4,"CCE | 1SW Wk3 Day 4 | Emerging Tech Research - AI, Cloud, Data Science",exit-ticket-only (Career and College Explorations - Comparison Matrix; 1301 chars body),wk3-day4-career-comparison.pdf [worksheet/1p] #14519358 -> student:NOT-LINKED; teacher:LINKED docMatch=0.00 || wk3-emerging-tech-research-template.pdf [worksheet/2p] #14580295 -> student:NOT-LINKED; teacher:LINKED docMatch=0.00,wk3-day4-career-comparison.pdf/1p #14519358 inDoc=no student=NOT-LINKED teacher=LINKED || wk3-emerging-tech-research-template.pdf/2p #14580295 inDoc=no student=NOT-LINKED teacher=LINKED,student-1sw-wk3-day-4-research-an-emerging-it-career,teacher-1sw-wk3-day-4-facilitator-guide,pending,1sKheqR2Fpbh2qA0EY0tDkhRh_X6eRuRgarR9dUQUJ1I,COLLAPSED-MULTI
1SW-Wk3-Day5,CCE | 1SW Wk3 Day 5 | Mini-Presentations + Xello Skills + Wk3 Wrap-Up,exit-ticket-only (Career and College Explorations - Concept Map; 1431 chars body),wk3-day5-learning-style-connection.pdf [worksheet/1p] #14662874 -> student:NOT-LINKED; teacher:LINKED docMatch=0.00,wk3-day5-learning-style-connection.pdf/1p #14662874 inDoc=no student=NOT-LINKED teacher=LINKED,student-1sw-wk3-day-5-learning-style-quiz-and-lesson,teacher-1sw-wk3-day-5-facilitator-guide,pending,1CwP4DQm1ZtIE4r_TtmaJ9sb3rOHMIhjketbj1HZPyN0,COLLAPSED
1SW-Wk4-Day1,CCE | 1SW Wk4 Day 1 | IT Support Pathway Exploration,exit-ticket-only (Career and College Explorations - Comparison Matrix; 1282 chars body),wk4-day1-career-interest-check.pdf [worksheet/1p] #14662886 -> student:NOT-LINKED; teacher:LINKED docMatch=0.00,wk4-day1-career-interest-check.pdf/1p #14662886 inDoc=no student=NOT-LINKED teacher=LINKED || wk4-it-support-career-cards.pdf/2p #14519372 inDoc=yes student=LINKED teacher=LINKED,student-1sw-wk4-day-1-it-support-careers-and-interests,teacher-1sw-wk4-day-1-facilitator-guide,pending,1kgqmYYU7_c9uVBvUiVdgaC7TutKs5Pq7VInyeSs75HY,COLLAPSED
1SW-Wk4-Day2,CCE | 1SW Wk4 Day 2 | Certification Deep-Dive - CompTIA Roadmap,exit-ticket-only (Career and College Explorations - Ranked Justification; 1235 chars body),wk4-day2-route-decision.pdf [worksheet/1p] #14519377 -> student:NOT-LINKED; teacher:LINKED docMatch=0.00 || wk4-education-pathway-comparison.pdf [worksheet/2p] #14519375 -> student:NOT-LINKED; teacher:LINKED docMatch=0.00,wk4-day2-route-decision.pdf/1p #14519377 inDoc=no student=NOT-LINKED teacher=LINKED || wk4-education-pathway-comparison.pdf/2p #14519375 inDoc=yes student=NOT-LINKED teacher=LINKED,student-1sw-wk4-day-2-compare-education-routes,teacher-1sw-wk4-day-2-facilitator-guide,pending,1diF5-6KXuEO3fYTvdoE4uN-Typ2CgKJhq0o1-QCMGcM,COLLAPSED-MULTI
1SW-Wk4-Day3,CCE | 1SW Wk4 Day 3 | Help Desk Simulator (MakeCode Day 1),exit-ticket-only (Career and College Explorations - Decision Tree; 1168 chars body),1sw-wk4-day3-help-desk-simulator-makecode-day-1.pdf [exit-ticket] #14519383 -> student:NOT-LINKED; teacher:LINKED docMatch=0.00 || wk4-help-desk-program-evidence.pdf [worksheet/2p] #14565268 -> student:NOT-LINKED; teacher:LINKED docMatch=0.00 || wk4-troubleshooting-step-sort-cards.pdf [worksheet/1p] #14519380 -> student:NOT-LINKED; teacher:LINKED docMatch=0.00,wk4-help-desk-program-evidence.pdf/2p #14565268 inDoc=no student=NOT-LINKED teacher=LINKED || wk4-help-desk-scenario-cards.pdf/1p #14519378 inDoc=no student=LINKED teacher=LINKED || wk4-makecode-starter-blocks.pdf/2p #14565267 inDoc=no student=LINKED teacher=LINKED || wk4-troubleshooting-step-sort-cards.pdf/1p #14519380 inDoc=no student=NOT-LINKED teacher=LINKED,student-1sw-wk4-day-3-build-a-help-desk-sequence,teacher-1sw-wk4-day-3-facilitator-guide,pending,12CIjz5JJqkGpGMuOmP4Yah3EmQx1yHIA1X9YlNTIBww,COLLAPSED-MULTI
1SW-Wk4-Day4,CCE | 1SW Wk4 Day 4 | Refine the Help Desk Tool + Customer Service Role-Play,exit-ticket-only (Career and College Explorations - Diagnostic MCQ; 1367 chars body),wk4-day4-customer-service-check.pdf [worksheet/1p] #14565271 -> student:NOT-LINKED; teacher:LINKED docMatch=0.00 || wk4-help-desk-role-play-script.pdf [worksheet/2p] #14565269 -> student:NOT-LINKED; teacher:LINKED docMatch=0.00,wk4-day4-customer-service-check.pdf/1p #14565271 inDoc=no student=NOT-LINKED teacher=LINKED || wk4-help-desk-role-play-script.pdf/2p #14565269 inDoc=no student=NOT-LINKED teacher=LINKED,student-1sw-wk4-day-4-test-and-role-play,teacher-1sw-wk4-day-4-facilitator-guide,pending,1aHRxyuAAszggAPHnuTbgI3iE5qTIKUuDj8lSEXe_NHE,COLLAPSED-MULTI
1SW-Wk4-Day5,CCE | 1SW Wk4 Day 5 | Help Desk Demos + H&L IT Support Favorites,exit-ticket-only (Career and College Explorations - Concept Map; 1486 chars body),wk4-day5-xello-skill-connection.pdf [worksheet/1p] #14519389 -> student:NOT-LINKED; teacher:LINKED docMatch=0.00,wk4-day5-xello-skill-connection.pdf/1p #14519389 inDoc=no student=NOT-LINKED teacher=LINKED,student-1sw-wk4-day-5-add-skills-and-submit-evidence,teacher-1sw-wk4-day-5-facilitator-guide,pending,19g8jcaDFi4wx-DbAvgy5WkOGUYDHNvpA3h_hHldTBE8,COLLAPSED
1SW-Wk5-Day1,CCE | 1SW Wk5 Day 1 | Cybersecurity Pathway + CyberSeek Career Map,exit-ticket-only (Career and College Explorations - Ranked Justification; 1365 chars body),wk5-cyberseek-pathway.pdf [worksheet/2p] #14565274 -> student:NOT-LINKED; teacher:LINKED docMatch=0.00,wk5-cyberseek-pathway.pdf/2p #14565274 inDoc=no student=NOT-LINKED teacher=LINKED,student-1sw-wk5-day-1-cybersecurity-career-routes,teacher-1sw-wk5-day-1-facilitator-guide,pending,1lcaNjnnO9B-EpnDnb9v8Rw5ui-nE_S67jV8R4ddAjnE,COLLAPSED
1SW-Wk5-Day2,CCE | 1SW Wk5 Day 2 | Cybersecurity in Action - Cyber Safety Creator (Day 1),exit-ticket-only (Career and College Explorations - Mini-Case; 1119 chars body),wk5-red-flag-checklist.pdf [worksheet/2p] #14565275 -> student:NOT-LINKED; teacher:LINKED docMatch=0.00,wk5-red-flag-checklist.pdf/2p #14565275 inDoc=no student=NOT-LINKED teacher=LINKED,student-1sw-wk5-day-2-safe-or-spoofed-inbox,teacher-1sw-wk5-day-2-facilitator-guide,pending,1VDXTMJS3kLiOa00f74Td0WmgulM9YlapVemkWJTzBAU,COLLAPSED
1SW-Wk5-Day3,CCE | 1SW Wk5 Day 3 | Cyber Safety Peer Feedback + Integrity in the Workplace,exit-ticket-only (Career and College Explorations - Trade-off; 1287 chars body),wk5-bootcamp-planning-template.pdf [worksheet/2p] #14565276 -> student:NOT-LINKED; teacher:LINKED docMatch=0.00,wk5-bootcamp-planning-template.pdf/2p #14565276 inDoc=no student=NOT-LINKED teacher=LINKED,student-1sw-wk5-day-3-community-cybersecurity-bootcamp,teacher-1sw-wk5-day-3-facilitator-guide,pending,14rUClKAKFikhGm_LZWPoz5t5AdzlRr_5hJ7kELQFdc4,COLLAPSED
1SW-Wk5-Day4,CCE | 1SW Wk5 Day 4 | Glowforge College - Career Logo Design,exit-ticket-only (Career and College Explorations - Decision Tree; 1245 chars body),wk5-cyberseek-pathway.pdf [worksheet/2p] #14565274 -> student:NOT-LINKED; teacher:LINKED docMatch=0.00,wk5-cyberseek-pathway.pdf/2p #14565274 inDoc=no student=NOT-LINKED teacher=LINKED,student-1sw-wk5-day-4-strengthen-cybersecurity-career-evidence,teacher-1sw-wk5-day-4-facilitator-guide,pending,1tG31h90eP3z4-7gxB_9Fg6UHzjJgiGnd3p4MNCbligE,COLLAPSED
1SW-Wk5-Day5,"CCE | 1SW Wk5 Day 5 | Capstone Goal, Transitions, and Reflection","exit-ticket-only (H&L Setup and Discover Your Core; 1840 chars body) — WRONG-DAY CONTENT: body is the 1SW Wk0 Day 2 ""Who Are You at Work?"" ticket",wk5-reflection-update-template.pdf [worksheet/2p] #14565280 -> student:NOT-LINKED; teacher:LINKED docMatch=0.00,wk5-reflection-update-template.pdf/2p #14565280 inDoc=no student=NOT-LINKED teacher=LINKED,student-1sw-wk5-day-5-capstone-goal-and-reflection,teacher-1sw-wk5-day-5-facilitator-guide,pending,1QKZLyhP4bQUoHRi27u4RX0RHaY6y0XCetS2akxlBeOg,COLLAPSED WRONG-DAY-DOC
2SW-Wk1-Day1,CCE | 2SW Wk1 Day 1 | Law Cluster Tour + Legal Services Pathway,exit-ticket-only (Career and College Explorations - Comparison Matrix; 1177 chars body),career-research-worksheet.pdf [worksheet/1p] #14565289 -> student:NOT-LINKED; teacher:LINKED docMatch=0.00,"2sw-wk1-legal-career-cards.pdf/2p #14565290 inDoc=no student=LINKED teacher=LINKED || career-research-worksheet.pdf/1p #14517430,14565289,14580290,14580292 inDoc=no student=NOT-LINKED teacher=LINKED",student-2sw-wk1-day-1-explore-legal-careers,teacher-2sw-wk1-day-1-facilitator-guide,pending,17cTOaP2ajzm6zH1GS5ckRHSQBtQUiHWsAoITs5J5vTI,COLLAPSED
2SW-Wk1-Day2,CCE | 2SW Wk1 Day 2 | Emergency Essentials Kit Design,exit-ticket-only (Career and College Explorations - Ranked Justification; 1049 chars body),(none),2sw-wk1-emergency-kit-plan.pdf/2p #14565291 inDoc=no student=NOT-LINKED teacher=LINKED,student-2sw-wk1-day-2-emergency-kit-decisions,teacher-2sw-wk1-day-2-facilitator-guide,pending,1WERX1YACAkauFfN6bzJ_XmEQOg8BfAb-kU525vPduG4,COLLAPSED
2SW-Wk1-Day3,CCE | 2SW Wk1 Day 3 | iCivics - Justice in Action,exit-ticket-only (Career and College Explorations - Decision Tree; 1277 chars body),2sw-wk1-city-council-plan.pdf [worksheet/3p] #14565292 -> student:NOT-LINKED; teacher:LINKED docMatch=0.00,2sw-wk1-city-council-plan.pdf/3p #14565292 inDoc=no student=NOT-LINKED teacher=LINKED,student-2sw-wk1-day-3-city-council-ordinances,teacher-2sw-wk1-day-3-facilitator-guide,pending,1WICiATYetS00c7aDot0AiELiWlrci50KmULFA4EjmxA,COLLAPSED
2SW-Wk1-Day4,CCE | 2SW Wk1 Day 4 | AI Ethics Debate + Legal Entrepreneurship,exit-ticket-only (Career and College Explorations - Short Constructed Response; 1124 chars body),2sw-wk1-legal-entrepreneur-card.pdf [worksheet/2p] #14565294 -> student:NOT-LINKED; teacher:LINKED docMatch=0.00 || 2sw-wk1-policy-argument-and-evidence.pdf [worksheet/2p] #14565293 -> student:NOT-LINKED; teacher:LINKED docMatch=0.00,2sw-wk1-legal-entrepreneur-card.pdf/2p #14565294 inDoc=no student=NOT-LINKED teacher=LINKED || 2sw-wk1-policy-argument-and-evidence.pdf/2p #14565293 inDoc=no student=NOT-LINKED teacher=LINKED,student-2sw-wk1-day-4-policy-showdown,teacher-2sw-wk1-day-4-facilitator-guide,pending,1dlppySkceZ0Lb-zbitGabAexHf55tRXyqzlgQM0OQoY,COLLAPSED-MULTI
2SW-Wk1-Day5,CCE | 2SW Wk1 Day 5 | Cluster Wrap-Up + Xello Life Experience,exit-ticket-only (Career and College Explorations - Concept Map; 1584 chars body),2sw-wk1-xello-life-experience-connection.pdf [worksheet/1p] #14565296 -> student:NOT-LINKED; teacher:LINKED docMatch=0.00,2sw-wk1-xello-life-experience-connection.pdf/1p #14565296 inDoc=yes student=NOT-LINKED teacher=LINKED,student-2sw-wk1-day-5-legal-career-evidence-and-xello,teacher-2sw-wk1-day-5-facilitator-guide,pending,1UGWc3WUuXOzne9Qz9StdipOHW0CBeD4s9DSQ8MQs0y8,
2SW-Wk2-Day1,CCE | 2SW Wk2 Day 1 | First Responder Pathways,exit-ticket-only (Career and College Explorations - Mini-Case; 1106 chars body),2sw-wk2-first-responder-route-guide.pdf [worksheet/4p] #14606186 -> student:NOT-LINKED; teacher:LINKED docMatch=0.00,2sw-wk2-first-responder-route-guide.pdf/4p #14606186 inDoc=no student=NOT-LINKED teacher=LINKED,student-2sw-wk2-day-1-first-responder-routes,teacher-2sw-wk2-day-1-facilitator-guide,pending,1OcPO_4LtnzD4uvW6uHVHDATLyWcNvESwMa8zD-B92D0,COLLAPSED
2SW-Wk2-Day2,CCE | 2SW Wk2 Day 2 | Missing Painting - Detective Scenario,exit-ticket-only (Career and College Explorations - Diagnostic MCQ; 1340 chars body),2sw-wk2-clinton-lake-evidence-tracker.pdf [worksheet/2p] #14580298 -> student:NOT-LINKED; teacher:LINKED docMatch=0.00,2sw-wk2-clinton-lake-evidence-tracker.pdf/2p #14580298 inDoc=no student=NOT-LINKED teacher=LINKED,student-2sw-wk2-day-2-clinton-lake-evidence,teacher-2sw-wk2-day-2-facilitator-guide,pending,1CxbWjEfUmQ0QrW1n8XIlJ1qDIQIf3gfMmgEL3h0fVnM,COLLAPSED
2SW-Wk2-Day3,CCE | 2SW Wk2 Day 3 | Local Risk Response - Task Force Setup,exit-ticket-only (Career and College Explorations - Decision Tree; 1223 chars body),2sw-wk2-trail-simulation-record.pdf [worksheet/2p] #14580299 -> student:NOT-LINKED; teacher:LINKED docMatch=0.00,2sw-wk2-trail-simulation-record.pdf/2p #14580299 inDoc=no student=NOT-LINKED teacher=LINKED,student-2sw-wk2-day-3-trail-response-simulation,teacher-2sw-wk2-day-3-facilitator-guide,pending,1ZZ0CPn7hTt7YdBShc8kh-8zm93CXxf66HnMiZq0zH4k,COLLAPSED
2SW-Wk2-Day4,CCE | 2SW Wk2 Day 4 | Local Risk Response - Citywide Emergency Plan,exit-ticket-only (Career and College Explorations - Trade-off; 1357 chars body),2sw-wk2-patient-care-report.pdf [worksheet/2p] #14565301 -> student:NOT-LINKED; teacher:LINKED docMatch=0.00,2sw-wk2-patient-care-report.pdf/2p #14565301 inDoc=no student=NOT-LINKED teacher=LINKED,student-2sw-wk2-day-4-patient-report-and-safety-plan,teacher-2sw-wk2-day-4-facilitator-guide,pending,1LJuEuakt7IDSB577DqQsOZduNpRquq648yH0GbEuU54,COLLAPSED
2SW-Wk2-Day5,CCE | 2SW Wk2 Day 5 | Cluster Wrap-Up + Reflection,exit-ticket-only (Career and College Explorations - Concept Map; 1172 chars body),2sw-wk2-integrity-career-reflection.pdf [worksheet/1p] #14580301 -> student:NOT-LINKED; teacher:LINKED docMatch=0.00,2sw-wk2-integrity-career-reflection.pdf/1p #14580301 inDoc=no student=NOT-LINKED teacher=LINKED,student-2sw-wk2-day-5-career-and-integrity-reflection,teacher-2sw-wk2-day-5-facilitator-guide,pending,1W_FOBWYPEdjIwu1q9JoNOC2mMZHs4GgSVjjCMljqfh8,COLLAPSED
2SW-Wk3-Day1,CCE | 2SW Wk3 Day 1 | Health Science Cluster + CNA - LVN,exit-ticket-only (Career and College Explorations - Comparison Matrix; 1167 chars body),(none),2sw-wk3-nursing-route-comparison.pdf/4p #14565338 inDoc=no student=NOT-LINKED teacher=LINKED || 2sw-wk3-nursing-route-guide.pdf/2p #14565337 inDoc=no student=LINKED teacher=LINKED,student-2sw-wk3-day-1-compare-nursing-routes,teacher-2sw-wk3-day-1-facilitator-guide,pending,1Z0WUpocF_mAUzyiOfCnsWnpvvFi1nDjCrlRZz6q-dBA,COLLAPSED
2SW-Wk3-Day2,CCE | 2SW Wk3 Day 2 | Climbing the Nursing Ladder,exit-ticket-only (Career and College Explorations - Ranked Justification; 1274 chars body),(none),2sw-wk3-nursing-route-comparison.pdf/4p #14565338 inDoc=no student=NOT-LINKED teacher=LINKED || 2sw-wk3-nursing-route-guide.pdf/2p #14565337 inDoc=no student=NOT-LINKED teacher=LINKED,student-2sw-wk3-day-2-choose-with-evidence,teacher-2sw-wk3-day-2-facilitator-guide,pending,1vaRI2Guen4TkGVPNim0ZOem7D8mkSfmpt9XTrm2ClOQ,COLLAPSED
2SW-Wk3-Day3,CCE | 2SW Wk3 Day 3 | Vital Signs Monitor - Build Phase,exit-ticket-only (Career and College Explorations - Decision Tree; 1374 chars body),2sw-wk3-vital-signs-simulator-build.pdf [worksheet/2p] #14580359 -> student:NOT-LINKED; teacher:LINKED docMatch=0.00,2sw-wk3-vital-signs-simulator-build.pdf/2p #14580359 inDoc=no student=NOT-LINKED teacher=LINKED,student-2sw-wk3-day-3-build-a-training-simulator,teacher-2sw-wk3-day-3-facilitator-guide,pending,10-9NJSWA5N94y53VwsrTKgjADYQKRwTZoCwarlzEj_U,COLLAPSED
2SW-Wk3-Day4,CCE | 2SW Wk3 Day 4 | Vital Signs Monitor - Test + Present,exit-ticket-only (Career and College Explorations - Mini-Case; 1405 chars body),2sw-wk3-clinical-handoff-record.pdf [worksheet/2p] #14565340 -> student:NOT-LINKED; teacher:LINKED docMatch=0.00,"2sw-wk3-clinical-handoff-record.pdf/2p #14565340,14580361 inDoc=no student=NOT-LINKED teacher=LINKED || 2sw-wk3-handoff-rubric.pdf/2p #14580360 inDoc=no student=LINKED teacher=LINKED",student-2sw-wk3-day-4-write-a-careful-handoff,teacher-2sw-wk3-day-4-facilitator-guide,pending,17Yu-IA4usUXgeldnwJF0_22Bx7RVXkbLvHnnrYYT4g8,COLLAPSED
2SW-Wk3-Day5,CCE | 2SW Wk3 Day 5 | Reflection + Xello Learning Styles + eDynamic,exit-ticket-only (Career and College Explorations - Concept Map; 1500 chars body),2sw-wk3-xello-save-careers-reflection.pdf [worksheet/1p] #14662872 -> student:NOT-LINKED; teacher:LINKED docMatch=0.00,2sw-wk3-xello-save-careers-reflection.pdf/1p #14662872 inDoc=no student=NOT-LINKED teacher=LINKED,student-2sw-wk3-day-5-build-a-nursing-career-evidence-map,teacher-2sw-wk3-day-5-facilitator-guide,pending,1O93-Oo1iYOe8Kd9dxUNUSMEqjqArBbK3t2uOUaqLp9c,COLLAPSED
2SW-Wk4-Day1,CCE | 2SW Wk4 Day 1 | Dental Pathway Intro + Hat Research,exit-ticket-only (Career and College Explorations - Mini-Case; 1380 chars body),2sw-wk4-smile-squad-observation-record.pdf [worksheet/2p] #14565344 -> student:NOT-LINKED; teacher:LINKED docMatch=0.00,2sw-wk4-dental-health-data-guide.pdf/2p #14565342 inDoc=no student=LINKED teacher=LINKED || 2sw-wk4-smile-squad-observation-record.pdf/2p #14565344 inDoc=no student=NOT-LINKED teacher=LINKED,student-2sw-wk4-day-1-read-dental-evidence-carefully,teacher-2sw-wk4-day-1-facilitator-guide,pending,1h_WY1W8R6H7xm14Hrmy043N-Yu1rRV1VM_-_AKvo1oo,COLLAPSED
2SW-Wk4-Day2,CCE | 2SW Wk4 Day 2 | Perfect Toothbrush + Dental Career Pathway,exit-ticket-only (Career and College Explorations - Comparison Matrix; 1296 chars body),2sw-wk4-toothbrush-design-brief.pdf [worksheet/2p] #14565345 -> student:NOT-LINKED; teacher:LINKED docMatch=0.20,2sw-wk4-toothbrush-design-brief.pdf/2p #14565345 inDoc=no student=NOT-LINKED teacher=LINKED,student-2sw-wk4-day-2-design-a-toothbrush-with-evidence,teacher-2sw-wk4-day-2-facilitator-guide,pending,1I9UsCiynKEAlWHjMZu1pLoLeZBba61boZCXtvzQMWL8,COLLAPSED
2SW-Wk4-Day3,CCE | 2SW Wk4 Day 3 | Xello Education Experience + School Subjects at Work,exit-ticket-only (Career and College Explorations - Short Constructed Response; 1284 chars body),2sw-wk4-xello-experiences-checkpoint.pdf [worksheet/1p] #14662881 -> student:NOT-LINKED; teacher:LINKED docMatch=0.00,2sw-wk4-xello-experiences-checkpoint.pdf/1p #14662881 inDoc=no student=NOT-LINKED teacher=LINKED,student-2sw-wk4-day-3-connect-school-subjects-to-work,teacher-2sw-wk4-day-3-facilitator-guide,pending,1fv9sGfYN-jHnW70c1wLDRXA_G-cVkJEVaXCZRsM-aF4,COLLAPSED
2SW-Wk4-Day4,CCE | 2SW Wk4 Day 4 | Health Informatics + Medical Coding Simulation,exit-ticket-only (Career and College Explorations - Diagnostic MCQ; 1278 chars body),2sw-wk4-icd10-training-lab.pdf [worksheet/2p] #14565347 -> student:NOT-LINKED; teacher:LINKED docMatch=0.00,2sw-wk4-dental-health-data-guide.pdf/2p #14565342 inDoc=no student=LINKED teacher=LINKED || 2sw-wk4-icd10-training-lab.pdf/2p #14565347 inDoc=no student=NOT-LINKED teacher=LINKED,student-2sw-wk4-day-4-try-a-medical-coding-evidence-lab,teacher-2sw-wk4-day-4-facilitator-guide,pending,1a939TIgMWZLbqaY8FiKoqkQEN2UfBIUdGWzELBDwzxE,COLLAPSED
2SW-Wk4-Day5,CCE | 2SW Wk4 Day 5 | Health Science Mid-Point + Recommendation,exit-ticket-only (Career and College Explorations - 3-2-1 Reflective; 1298 chars body),2sw-wk4-career-evidence-comparison.pdf [worksheet/2p] #14565343 -> student:NOT-LINKED; teacher:no docMatch=0.25,"2sw-wk4-career-evidence-comparison.pdf/2p #14565343,14580364 inDoc=no student=NOT-LINKED teacher=no || 2sw-wk4-dental-health-data-guide.pdf/2p #14565342 inDoc=no student=LINKED teacher=LINKED || 2sw-wk4-evidence-check-rubric.pdf/2p #14580362 inDoc=no student=LINKED teacher=LINKED",student-2sw-wk4-day-5-recommend-a-health-career-with-evidence,teacher-2sw-wk4-day-5-facilitator-guide,pending,1YO3celRSMkPuirY9KWCk9JKbW_csmb49QkscE7Gdcpo,COLLAPSED
2SW-Wk5-Day1,CCE | 2SW Wk5 Day 1 | Powerskills Intro + Conflict Resolution,exit-ticket-only (Career and College Explorations - Decision Tree; 1289 chars body),2sw-wk5-conflict-resolution-plan.pdf [worksheet/2p] #14580365 -> student:NOT-LINKED; teacher:LINKED docMatch=0.17,2sw-wk5-conflict-resolution-plan.pdf/2p #14580365 inDoc=no student=NOT-LINKED teacher=LINKED || 2sw-wk5-powerskills-transfer-guide.pdf/2p #14561406 inDoc=no student=LINKED teacher=LINKED,student-2sw-wk5-day-1-conflict-resolution,teacher-2sw-wk5-day-1-facilitator-guide,pending,1nV08lKrHpHUaeUygdCwVsSlx2qBDmvaxNGTNcc2fg5s,COLLAPSED
2SW-Wk5-Day2,CCE | 2SW Wk5 Day 2 | Giving and Receiving Feedback,exit-ticket-only (Career and College Explorations - Feedback Sandwich; 1139 chars body),2sw-wk5-active-listening-lab.pdf [worksheet/2p] #14580366 -> student:NOT-LINKED; teacher:LINKED docMatch=0.00,2sw-wk5-active-listening-lab.pdf/2p #14580366 inDoc=no student=NOT-LINKED teacher=LINKED,student-2sw-wk5-day-2-active-listening,teacher-2sw-wk5-day-2-facilitator-guide,pending,1MYCdVB6EZFXZbuIEfGPWIrC0R0622lGLIBgRE6eXmxw,COLLAPSED
2SW-Wk5-Day3,CCE | 2SW Wk5 Day 3 | Advocacy + SMART Goals,exit-ticket-only (Career and College Explorations - Short Constructed Response; 1106 chars body),2sw-wk5-advocacy-smart-time-plan.pdf [worksheet/2p] #14611251 -> student:NOT-LINKED; teacher:LINKED docMatch=0.00,2sw-wk5-advocacy-smart-time-plan.pdf/2p #14611251 inDoc=no student=NOT-LINKED teacher=LINKED || 2sw-wk5-communication-goal-rubric.pdf/2p #14662898 inDoc=no student=LINKED teacher=LINKED,student-2sw-wk5-day-3-advocacy-and-smart-time-plan,teacher-2sw-wk5-day-3-facilitator-guide,pending,1cF0nX0yn3SgRsl3m53ZGSKJLDJgJ2-qcv0vYhmtpwNw,COLLAPSED
2SW-Wk5-Day4,CCE | 2SW Wk5 Day 4 | Written Communication - Little Library Post,exit-ticket-only (Career and College Explorations - Trade-off; 1288 chars body),2sw-wk5-written-message-lab.pdf [worksheet/1p] #14580368 -> student:NOT-LINKED; teacher:LINKED docMatch=0.00,2sw-wk5-written-message-lab.pdf/1p #14580368 inDoc=no student=NOT-LINKED teacher=LINKED,student-2sw-wk5-day-4-written-message-lab,teacher-2sw-wk5-day-4-facilitator-guide,pending,1te6GqUbdLvHn1I75m-NQFYCfZQhHFW8_bJ1azYkKGOA,COLLAPSED
2SW-Wk5-Day5,CCE | 2SW Wk5 Day 5 | Xello Time Management + Reflection,exit-ticket-only (Career and College Explorations - Concept Map; 1411 chars body),2sw-wk5-work-experience-skills-synthesis.pdf [worksheet/2p] #14662897 -> student:NOT-LINKED; teacher:LINKED docMatch=0.17,"2sw-wk5-communication-goal-rubric.pdf/2p #14662898 inDoc=no student=LINKED teacher=LINKED || 2sw-wk5-work-experience-skills-synthesis.pdf/2p #14580371,14662897 inDoc=no student=NOT-LINKED teacher=LINKED",student-2sw-wk5-day-5-communication-skills-and-goal-synthesis,teacher-2sw-wk5-day-5-facilitator-guide,pending,1dk2cjFBbRzPaFIRb0rWaED-p87mDiRzVs7NT0JCa4Jo,COLLAPSED
2SW-Wk6-Day1,CCE | 2SW Wk6 Day 1 | Biomedical Pathway + Cover Letter,exit-ticket-only (Career and College Explorations - Mini-Case; 1392 chars body),2sw-wk6-cover-letter-lab.pdf [worksheet/2p] #14561443 -> student:NOT-LINKED; teacher:LINKED docMatch=0.00,2sw-wk6-biomedical-career-evidence-guide.pdf/2p #14561442 inDoc=no student=LINKED teacher=LINKED || 2sw-wk6-cover-letter-lab.pdf/2p #14561443 inDoc=no student=NOT-LINKED teacher=LINKED,student-2sw-wk6-day-1-biomedical-careers-and-cover-letter,teacher-2sw-wk6-day-1-facilitator-guide,pending,1ZGGB2aOAcmUUHjtX69COLVL_eT9pu089Wsr5O-24nko,COLLAPSED
2SW-Wk6-Day2,CCE | 2SW Wk6 Day 2 | Physical Therapy in Action,exit-ticket-only (Career and College Explorations - Comparison Matrix; 1257 chars body),2sw-wk6-mini-medics-design-record.pdf [worksheet/2p] #14580372 -> student:NOT-LINKED; teacher:LINKED docMatch=0.00,2sw-wk6-mini-medics-design-record.pdf/2p #14580372 inDoc=no student=NOT-LINKED teacher=LINKED,student-2sw-wk6-day-2-mini-medics-design,teacher-2sw-wk6-day-2-facilitator-guide,pending,1ywixqoEL8s163zMPjp6K8AHun4WlQ6oB7lE8gFUybNI,COLLAPSED
2SW-Wk6-Day3,CCE | 2SW Wk6 Day 3 | Farm Fresh Express - Setup,exit-ticket-only (Career and College Explorations - Ranked Justification; 1314 chars body),2sw-wk6-outbreak-investigation-record.pdf [worksheet/2p] #14561445 -> student:NOT-LINKED; teacher:LINKED docMatch=0.00,2sw-wk6-outbreak-investigation-record.pdf/2p #14561445 inDoc=no student=NOT-LINKED teacher=LINKED,student-2sw-wk6-day-3-outbreak-evidence,teacher-2sw-wk6-day-3-facilitator-guide,pending,15lXbU9bX39sGlMVAahwdxWUPTBvWNZKwo94flpvqLzY,COLLAPSED
2SW-Wk6-Day4,CCE | 2SW Wk6 Day 4 | Farm Fresh Express - Design + Present,exit-ticket-only (Career and College Explorations - Venn Diagram; 1096 chars body),2sw-wk6-outbreak-response-plan.pdf [worksheet/2p] #14561446 -> student:NOT-LINKED; teacher:LINKED docMatch=0.00,2sw-wk6-outbreak-response-plan.pdf/2p #14561446 inDoc=no student=NOT-LINKED teacher=LINKED,student-2sw-wk6-day-4-outbreak-response,teacher-2sw-wk6-day-4-facilitator-guide,pending,1aj5j7tPX3VRtyzhGvMqeR3SFU7oE7jsqJI535hqIJlA,COLLAPSED
2SW-Wk6-Day5,CCE | 2SW Wk6 Day 5 | Emerging Career Research + 2SW Wrap-Up,exit-ticket-only (Career and College Explorations - Concept Map; 1481 chars body),2sw-wk6-xello-career-matches-reflection.pdf [worksheet/1p] #14662910 -> student:NOT-LINKED; teacher:LINKED docMatch=0.00,2sw-wk6-biomedical-career-evidence-guide.pdf/2p #14561442 inDoc=no student=LINKED teacher=LINKED || 2sw-wk6-xello-career-matches-reflection.pdf/1p #14662910 inDoc=no student=NOT-LINKED teacher=LINKED,student-2sw-wk6-day-5-biomedical-career-evidence-reflection,teacher-2sw-wk6-day-5-facilitator-guide,pending,1hhU2CBtX2Q1m0lJ5BCkl5ZHgKAY2jOoCtkaFOJvaLeo,COLLAPSED
3SW-Wk1-Day1,CCE | 3SW Wk1 Day 1 | Ag Cluster Tour + Animal Systems Hats,exit-ticket-only (Career and College Explorations - Mini-Case; 1263 chars body),(none),3sw-wk1-veterinary-career-evidence-guide.pdf/2p #14580373 inDoc=no student=LINKED teacher=LINKED,student-3sw-wk1-day-1-meet-the-veterinary-team,teacher-3sw-wk1-day-1-facilitator-guide,pending,1tUjxDHMoObf5GIMacCWbeQiApPxelAgu2h_DLD7xfNw,
3SW-Wk1-Day2,CCE | 3SW Wk1 Day 2 | Vet Tech vs. Veterinarian - Career Deep-Dive,exit-ticket-only (Career and College Explorations - Comparison Matrix; 1093 chars body),3sw-wk1-veterinary-career-comparison.pdf [worksheet/2p] #14580374 -> student:NOT-LINKED; teacher:LINKED docMatch=0.00,3sw-wk1-veterinary-career-comparison.pdf/2p #14580374 inDoc=no student=NOT-LINKED teacher=LINKED,student-3sw-wk1-day-2-compare-veterinary-career-paths,teacher-3sw-wk1-day-2-facilitator-guide,pending,1a7hYSv1LUJMWkAlXIH7UQUIzPc9UZwLFK5HStW3TRPM,COLLAPSED
3SW-Wk1-Day3,CCE | 3SW Wk1 Day 3 | Candy Conundrum - Food Science Teamwork,exit-ticket-only (Career and College Explorations - Decision Tree; 1341 chars body),3sw-wk1-veterinary-triage-record.pdf [worksheet/2p] #14565357 -> student:NOT-LINKED; teacher:LINKED docMatch=0.00,3sw-wk1-veterinary-triage-record.pdf/2p #14565357 inDoc=no student=NOT-LINKED teacher=LINKED,student-3sw-wk1-day-3-veterinary-triage,teacher-3sw-wk1-day-3-facilitator-guide,pending,1r_kWaNCe-UX4rasWsGJurNMn2YDBNM2Q7DDMJD5dGMk,COLLAPSED
3SW-Wk1-Day4,CCE | 3SW Wk1 Day 4 | Xello Life Experiences + Volunteer Hours,exit-ticket-only (Career and College Explorations - Short Constructed Response; 1160 chars body),3sw-wk1-xello-skills-reflection.pdf [worksheet/1p] #14662922 -> student:NOT-LINKED; teacher:LINKED docMatch=0.00,3sw-wk1-veterinary-career-evidence-guide.pdf/2p #14580373 inDoc=no student=LINKED teacher=LINKED || 3sw-wk1-xello-skills-reflection.pdf/1p #14662922 inDoc=no student=NOT-LINKED teacher=LINKED,student-3sw-wk1-day-4-transferable-skills,teacher-3sw-wk1-day-4-facilitator-guide,pending,1VR5W3xQb0EC_qXUJ-qc4GDZZ3hRGSIBQxhGbqDjdBrI,COLLAPSED
3SW-Wk1-Day5,CCE | 3SW Wk1 Day 5 | Nimitz Vet Pathway + H&L Favorites,exit-ticket-only (Career and College Explorations - Concept Map; 1295 chars body),3sw-wk1-veterinary-pathway-brief.pdf [worksheet/2p] #14662923 -> student:NOT-LINKED; teacher:LINKED docMatch=0.00,3sw-wk1-veterinary-evidence-rubric.pdf/2p #14565360 inDoc=no student=LINKED teacher=LINKED || 3sw-wk1-veterinary-pathway-brief.pdf/2p #14662923 inDoc=no student=NOT-LINKED teacher=LINKED,student-3sw-wk1-day-5-veterinary-pathway-recommendation,teacher-3sw-wk1-day-5-facilitator-guide,pending,1KaDsqzdwurIQ2w1VkY2uOGRWd7p6xgLEXHQtTpGpvIY,COLLAPSED
3SW-Wk2-Day1,CCE | 3SW Wk2 Day 1 | Plant Science + Environmental Pathway Hats,exit-ticket-only (Career and College Explorations - Comparison Matrix; 1054 chars body),(none),3sw-wk2-plant-career-evidence-guide.pdf/2p #14565362 inDoc=no student=LINKED teacher=LINKED,student-3sw-wk2-day-1-diagnose-a-grow-system,teacher-3sw-wk2-day-1-facilitator-guide,pending,1KSfuOFyLOJsNnbmnIWK1NqtjrvTDWcsuK9Cykq5ZyPc,
3SW-Wk2-Day2,CCE | 3SW Wk2 Day 2 | Farm to Table - Brainstorm + Sketch,exit-ticket-only (Career and College Explorations - Mini-Case; 1139 chars body),3sw-wk2-farm-to-table-planner.pdf [worksheet/2p] #14565363 -> student:NOT-LINKED; teacher:LINKED docMatch=0.00,3sw-wk2-farm-to-table-planner.pdf/2p #14565363 inDoc=no student=NOT-LINKED teacher=LINKED || 3sw-wk2-plant-science-major-rubric.pdf/2p #14565364 inDoc=no student=LINKED teacher=LINKED,student-3sw-wk2-day-2-plan-a-farm-to-table-infographic,teacher-3sw-wk2-day-2-facilitator-guide,pending,1Y8YKxE6i3_LdDeu8hshUK5kM4VljXdt9wLfQFsz04NE,COLLAPSED
3SW-Wk2-Day3,CCE | 3SW Wk2 Day 3 | Farm to Table - Build in Canva,exit-ticket-only (Career and College Explorations - Venn Diagram; 1251 chars body),3sw-wk2-farm-to-table-planner.pdf [worksheet/2p] #14565363 -> student:NOT-LINKED; teacher:LINKED docMatch=0.00,3sw-wk2-farm-to-table-planner.pdf/2p #14565363 inDoc=no student=NOT-LINKED teacher=LINKED || 3sw-wk2-plant-science-major-rubric.pdf/2p #14565364 inDoc=no student=LINKED teacher=LINKED,student-3sw-wk2-day-3-build-and-test-the-infographic,teacher-3sw-wk2-day-3-facilitator-guide,pending,1-9KSSZMmAxndNAS0pOQdbeYlX4ejB59w713jaLdNyLU,COLLAPSED
3SW-Wk2-Day4,CCE | 3SW Wk2 Day 4 | Emerging Ag Career Research,exit-ticket-only (Career and College Explorations - Ranked Justification; 1111 chars body),3sw-wk2-emerging-plant-tech-evaluation.pdf [worksheet/2p] #14565366 -> student:NOT-LINKED; teacher:LINKED docMatch=0.00,3sw-wk2-emerging-plant-tech-evaluation.pdf/2p #14565366 inDoc=no student=NOT-LINKED teacher=LINKED || 3sw-wk2-emerging-plant-tech-evidence.pdf/2p #14565365 inDoc=no student=LINKED teacher=LINKED || 3sw-wk2-plant-science-major-rubric.pdf/2p #14565364 inDoc=no student=NOT-LINKED teacher=LINKED,student-3sw-wk2-day-4-evaluate-emerging-plant-tech-work,teacher-3sw-wk2-day-4-facilitator-guide,pending,1rA6Y1d1pZbrYi6_iV6RzrYSvDe4IXI6FEcyZmwkbqlU,COLLAPSED
3SW-Wk2-Day5,CCE | 3SW Wk2 Day 5 | Xello Work Experiences + Nimitz Plant Science Pathway,exit-ticket-only (Career and College Explorations - Concept Map; 1404 chars body),3sw-wk2-xello-biases-reflection.pdf [worksheet/1p] #14662934 -> student:NOT-LINKED; teacher:LINKED docMatch=0.00,3sw-wk2-emerging-plant-tech-evidence.pdf/2p #14565365 inDoc=no student=LINKED teacher=LINKED || 3sw-wk2-xello-biases-reflection.pdf/1p #14662934 inDoc=no student=NOT-LINKED teacher=LINKED,student-3sw-wk2-day-5-plant-tech-evidence-and-fair-career-investigation,teacher-3sw-wk2-day-5-facilitator-guide,pending,1-gtRusemBl5CR1d1KHYOjXJL5WGI9d1jajqOnW-_jYE,COLLAPSED
3SW-Wk3-Day1,CCE | 3SW Wk3 Day 1 | Environmental Careers + Climate Connection,exit-ticket-only (Career and College Explorations - Mini-Case; 1327 chars body),(none),3sw-wk3-sustainable-career-problem-guide.pdf/2p #14561503 inDoc=no student=LINKED teacher=LINKED,student-3sw-wk3-day-1-careers-and-resource-problems,teacher-3sw-wk3-day-1-facilitator-guide,pending,1rnZ-68u9h0F_BEyRZU0wGOgDM2QUSUh9Hujkuz0-eDs,
3SW-Wk3-Day2,CCE | 3SW Wk3 Day 2 | Pest Patrol - Read the Field Notes,exit-ticket-only (Career and College Explorations - Ranked Justification; 1053 chars body),3sw-wk3-pest-patrol-field-notes.pdf [worksheet/2p] #14565368 -> student:NOT-LINKED; teacher:LINKED docMatch=0.00,3sw-wk3-pest-patrol-field-notes.pdf/2p #14565368 inDoc=no student=NOT-LINKED teacher=LINKED,student-3sw-wk3-day-2-field-reports-and-constraints,teacher-3sw-wk3-day-2-facilitator-guide,pending,1KuB_RsIRuzU3ht-gyvS_tMqaEyPlvXInYWvQ3tl22nA,COLLAPSED
3SW-Wk3-Day3,CCE | 3SW Wk3 Day 3 | Pest Patrol - Drone Sketch + Labels,exit-ticket-only (Career and College Explorations - Short Constructed Response; 1121 chars body),3sw-wk3-drone-design-brief.pdf [worksheet/2p] #14565369 -> student:NOT-LINKED; teacher:LINKED docMatch=0.00,3sw-wk3-drone-design-brief.pdf/2p #14565369 inDoc=no student=NOT-LINKED teacher=LINKED || 3sw-wk3-sustainable-engineering-major-rubric.pdf/2p #14565371 inDoc=no student=LINKED teacher=LINKED,student-3sw-wk3-day-3-pest-patrol-drone-design,teacher-3sw-wk3-day-3-facilitator-guide,pending,1K6ogVNNXdAA__uBfvrQku7VzwSDxdJrzN0SUOFfjgqQ,COLLAPSED
3SW-Wk3-Day4,CCE | 3SW Wk3 Day 4 | Pest Patrol - Peer Feedback + Societal Trends,exit-ticket-only (Career and College Explorations - Comparison Matrix; 912 chars body),3sw-wk3-peer-review-revision.pdf [worksheet/1p] #14565370 -> student:NOT-LINKED; teacher:LINKED docMatch=0.00 || 3sw-wk3-societal-trends-evaluation.pdf [worksheet/2p] #14591629 -> student:NOT-LINKED; teacher:LINKED docMatch=0.20,3sw-wk3-peer-review-revision.pdf/1p #14565370 inDoc=no student=NOT-LINKED teacher=LINKED || 3sw-wk3-societal-trends-evaluation.pdf/2p #14591629 inDoc=no student=NOT-LINKED teacher=LINKED || 3sw-wk3-societal-trends-evidence.pdf/2p #14561507 inDoc=no student=LINKED teacher=LINKED || 3sw-wk3-sustainable-engineering-major-rubric.pdf/2p #14565371 inDoc=no student=NOT-LINKED teacher=LINKED,student-3sw-wk3-day-4-review-revision-and-trends,teacher-3sw-wk3-day-4-facilitator-guide,pending,1X03poJUxm1jSexMbmXgzFGQvT63Phsmc7GohQ4_JYsc,COLLAPSED-MULTI
3SW-Wk3-Day5,CCE | 3SW Wk3 Day 5 | Xello Interests + eDynamic Unit 7.1,exit-ticket-only (Career and College Explorations - Concept Map; 1339 chars body),3sw-wk3-xello-goals-plan.pdf [worksheet/1p] #14662948 -> student:NOT-LINKED; teacher:LINKED docMatch=0.00,3sw-wk3-xello-goals-plan.pdf/1p #14662948 inDoc=no student=NOT-LINKED teacher=LINKED,student-3sw-wk3-day-5-xello-interests,teacher-3sw-wk3-day-5-facilitator-guide,pending,1bXaK1InobXoxMKL-LRDhFhw10DPwF1r6RdelzgbZyCg,COLLAPSED
3SW-Wk4-Day1,CCE | 3SW Wk4 Day 1 | Hospitality Cluster + Culinary Twist,exit-ticket-only (Career and College Explorations - Mini-Case; 1221 chars body),3sw-wk4-culinary-twist-menu-brief.pdf [worksheet/3p] #14591631 -> student:NOT-LINKED; teacher:LINKED docMatch=0.00,"3sw-wk4-culinary-twist-menu-brief.pdf/3p #14561545,14591631 inDoc=no student=NOT-LINKED teacher=LINKED",student-3sw-wk4-day-1-culinary-twist-menu-design,teacher-3sw-wk4-day-1-facilitator-guide,pending,1YLGzjVI3VE_xM2V1dANeq7jZUitsX5BTcGrC6cZHP8Y,COLLAPSED
3SW-Wk4-Day2,CCE | 3SW Wk4 Day 2 | Powerskill Motivation + Salary Comparison,exit-ticket-only (Career and College Explorations - Comparison Matrix; 1223 chars body),3sw-wk4-motivation-career-comparison.pdf [worksheet/2p] #14591632 -> student:NOT-LINKED; teacher:LINKED docMatch=0.00,3sw-wk4-hospitality-career-evidence-guide.pdf/2p #14565373 inDoc=no student=LINKED teacher=LINKED || 3sw-wk4-motivation-career-comparison.pdf/2p #14591632 inDoc=no student=NOT-LINKED teacher=LINKED,student-3sw-wk4-day-2-motivation-and-career-comparison,teacher-3sw-wk4-day-2-facilitator-guide,pending,1hAmq_I2By-nnBtDjRtDGuUon_2eJnz7V0ZsitzvTJE4,COLLAPSED
3SW-Wk4-Day3,CCE | 3SW Wk4 Day 3 | Hotel Rescue - Team Problem Solving,exit-ticket-only (Career and College Explorations - Decision Tree; 1478 chars body),3sw-wk4-hotel-rescue-response.pdf [worksheet/2p] #14565376 -> student:NOT-LINKED; teacher:LINKED docMatch=0.00,3sw-wk4-hotel-rescue-cards.pdf/3p #14561560 inDoc=no student=LINKED teacher=LINKED || 3sw-wk4-hotel-rescue-response.pdf/2p #14565376 inDoc=no student=NOT-LINKED teacher=LINKED,student-3sw-wk4-day-3-hotel-rescue,teacher-3sw-wk4-day-3-facilitator-guide,pending,1Oj57OAJ46I6-ijz_4a9LBza-ZZMgA_muvR8CecuDDOQ,COLLAPSED
3SW-Wk4-Day4,CCE | 3SW Wk4 Day 4 | Pack Your Bags - Tourism Campaign Career Lab,exit-ticket-only (Career and College Explorations - Short Constructed Response; 1146 chars body),3sw-wk4-cater-create-event-brief.pdf [worksheet/1p] #14591633 -> student:NOT-LINKED; teacher:LINKED docMatch=0.00,3sw-wk4-cater-create-event-brief.pdf/1p #14591633 inDoc=no student=NOT-LINKED teacher=LINKED,student-3sw-wk4-day-4-cater-and-create,teacher-3sw-wk4-day-4-facilitator-guide,pending,1PHXZ80hxX5neGBfEndFiOYzoDXbPoiCJwyLmTZTcCDM,COLLAPSED
3SW-Wk4-Day5,CCE | 3SW Wk4 Day 5 | Xello Decision Making + eDynamic 6.1 + H&L Favorites,exit-ticket-only (Career and College Explorations - Concept Map; 1317 chars body),3sw-wk4-hospitality-recommendation.pdf [worksheet/2p] #14591634 -> student:NOT-LINKED; teacher:LINKED docMatch=0.00,3sw-wk4-hospitality-career-evidence-guide.pdf/2p #14565373 inDoc=no student=LINKED teacher=LINKED || 3sw-wk4-hospitality-minor-rubric.pdf/2p #14591635 inDoc=no student=LINKED teacher=LINKED || 3sw-wk4-hospitality-recommendation.pdf/2p #14591634 inDoc=no student=NOT-LINKED teacher=LINKED,student-3sw-wk4-day-5-hospitality-recommendation,teacher-3sw-wk4-day-5-facilitator-guide,pending,1Wr0rdse241awjwewFuL4EWTFm-P4KpM39_vv58Xx_fM,COLLAPSED
3SW-Wk5-Day1,CCE | 3SW Wk5 Day 1 | Human Services Cluster + Stress Toolkit,exit-ticket-only (Career and College Explorations - Comparison Matrix; 1151 chars body),3sw-wk5-sfx-concept-lab-brief.pdf [worksheet/3p] #14565386 -> student:NOT-LINKED; teacher:LINKED docMatch=0.00,3sw-wk5-sfx-concept-lab-brief.pdf/3p #14565386 inDoc=no student=NOT-LINKED teacher=LINKED,student-3sw-wk5-day-1-human-services-and-sfx-concept,teacher-3sw-wk5-day-1-facilitator-guide,pending,1ryX4j0iuVW1J1qNBJ2KwdBvqsdYrpp46e8w0UOaEwhs,COLLAPSED
3SW-Wk5-Day2,CCE | 3SW Wk5 Day 2 | Job Interviews - Prep + Practice,exit-ticket-only (Career and College Explorations - Mini-Case; 1152 chars body),3sw-wk5-sfx-build-test-record.pdf [worksheet/1p] #14565387 -> student:NOT-LINKED; teacher:LINKED docMatch=0.00,3sw-wk5-sfx-build-test-record.pdf/1p #14565387 inDoc=no student=NOT-LINKED teacher=LINKED,student-3sw-wk5-day-2-build-and-test-the-texture-model,teacher-3sw-wk5-day-2-facilitator-guide,pending,1GGJnC_joQ8PRRUdSrnamndWsl7YR0UW_0xD0NoFr6L0,COLLAPSED
3SW-Wk5-Day3,CCE | 3SW Wk5 Day 3 | Texas TDLR Cosmetology Licensing Deep-Dive,exit-ticket-only (Career and College Explorations - Ranked Justification; 1139 chars body),3sw-wk5-cosmetology-pathway-decision.pdf [worksheet/2p] #14591641 -> student:NOT-LINKED; teacher:LINKED docMatch=0.00 || 3sw-wk5-sfx-quality-revision.pdf [worksheet/2p] #14591640 -> student:NOT-LINKED; teacher:LINKED docMatch=0.00,3sw-wk5-cosmetology-pathway-decision.pdf/2p #14591641 inDoc=no student=NOT-LINKED teacher=LINKED || 3sw-wk5-sfx-quality-revision.pdf/2p #14591640 inDoc=no student=NOT-LINKED teacher=LINKED || 3sw-wk5-texas-cosmetology-evidence-guide.pdf/2p #14565389 inDoc=no student=LINKED teacher=LINKED,student-3sw-wk5-day-3-quality-and-texas-pathways,teacher-3sw-wk5-day-3-facilitator-guide,pending,1kyjKBPBjwuLSmcMw0ndfeefHLvcPSnkmgkBrxZeyDU8,COLLAPSED-MULTI
3SW-Wk5-Day4,CCE | 3SW Wk5 Day 4 | Salon Entrepreneurship + Get Out and Move!,exit-ticket-only (Career and College Explorations - Decision Tree; 1246 chars body),3sw-wk5-salon-wellness-campaign.pdf [worksheet/2p] #14565391 -> student:NOT-LINKED; teacher:LINKED docMatch=0.00,3sw-wk5-salon-wellness-campaign.pdf/2p #14565391 inDoc=no student=NOT-LINKED teacher=LINKED,student-3sw-wk5-day-4-salon-and-wellness-campaign,teacher-3sw-wk5-day-4-facilitator-guide,pending,1QnGfsgH7IQAfF1lx74yF9IVYr-Tq-pN_N-vqOqgkzTU,COLLAPSED
3SW-Wk5-Day5,CCE | 3SW Wk5 Day 5 | Xello Career Factors + eDynamic 4.2 + H&L Favorites,exit-ticket-only (Career and College Explorations - Concept Map; 1328 chars body),3sw-wk5-cosmetology-recommendation.pdf [worksheet/2p] #14565392 -> student:NOT-LINKED; teacher:LINKED docMatch=0.00,3sw-wk5-cosmetology-minor-rubric.pdf/1p #14565393 inDoc=no student=LINKED teacher=LINKED || 3sw-wk5-cosmetology-recommendation.pdf/2p #14565392 inDoc=no student=NOT-LINKED teacher=LINKED || 3sw-wk5-texas-cosmetology-evidence-guide.pdf/2p #14565389 inDoc=no student=LINKED teacher=LINKED,student-3sw-wk5-day-5-career-and-business-recommendation,teacher-3sw-wk5-day-5-facilitator-guide,pending,1seFxBdnkUUdabcM9bMekEA7ZjpD0mwEklb4lyUVlang,COLLAPSED
3SW-Wk6-Day1,CCE | 3SW Wk6 Day 1 | Business Cluster Tour + Defining Entrepreneurship,exit-ticket-only (Career and College Explorations - Mini-Case; 1293 chars body),3sw-wk6-entrepreneurship-opportunity-guide.pdf [worksheet/2p] #14561631 -> student:NOT-LINKED; teacher:LINKED docMatch=0.17,3sw-wk6-entrepreneurship-opportunity-guide.pdf/2p #14561631 inDoc=no student=NOT-LINKED teacher=LINKED,student-3sw-wk6-day-1-entrepreneurship-opportunities,teacher-3sw-wk6-day-1-facilitator-guide,pending,1kS1AzgrAqLeZukTZ6ql_z0SzqMLTvKmUsBumDwR-swk,COLLAPSED
3SW-Wk6-Day2,CCE | 3SW Wk6 Day 2 | Think Inside the Box - MVP Design,exit-ticket-only (Career and College Explorations - Short Constructed Response; 1081 chars body),3sw-wk6-million-dollar-idea-support-packet.pdf [worksheet/4p] #14591642 -> student:NOT-LINKED; teacher:LINKED docMatch=0.00,3sw-wk6-million-dollar-idea-support-packet.pdf/4p #14591642 inDoc=no student=NOT-LINKED teacher=LINKED,student-3sw-wk6-day-2-problem-and-idea-sprint,teacher-3sw-wk6-day-2-facilitator-guide,pending,1fxcakYpq4YFYJO0OvWCdxi7NkIoDx3cRBeKYb0sZrWY,COLLAPSED
3SW-Wk6-Day3,CCE | 3SW Wk6 Day 3 | Pitching Investors - Build the Business Plan,exit-ticket-only (Career and College Explorations - Comparison Matrix; 1142 chars body),3sw-wk6-million-dollar-idea-support-packet.pdf [worksheet/4p] #14591642 -> student:NOT-LINKED; teacher:LINKED docMatch=0.00,3sw-wk6-million-dollar-idea-support-packet.pdf/4p #14591642 inDoc=no student=NOT-LINKED teacher=LINKED,student-3sw-wk6-day-3-stress-test-and-decide,teacher-3sw-wk6-day-3-facilitator-guide,pending,16qhLtCZXfq3-hjAbD0m3wwpHAgdMjDWxNDxLVRuwjtM,COLLAPSED
3SW-Wk6-Day4,CCE | 3SW Wk6 Day 4 | Pitching Investors - Pitch Day,exit-ticket-only (Career and College Explorations - Trade-off; 1122 chars body),3sw-wk6-venture-brief-and-pitch-record.pdf [worksheet/4p] #14561633 -> student:NOT-LINKED; teacher:LINKED docMatch=0.09,3sw-wk6-entrepreneurship-portfolio-rubric.pdf/1p #14561636 inDoc=no student=LINKED teacher=LINKED || 3sw-wk6-venture-brief-and-pitch-record.pdf/4p #14561633 inDoc=no student=NOT-LINKED teacher=LINKED,student-3sw-wk6-day-4-venture-brief-and-pitch,teacher-3sw-wk6-day-4-facilitator-guide,pending,1pgDBYyBjHCXEex_heuEL0bhRnSPv5e0J1F7R2gtqQdQ,COLLAPSED
3SW-Wk6-Day5,CCE | 3SW Wk6 Day 5 | Lifestyle Snapshot Personal Budget + Xello Save Careers,exit-ticket-only (Career and College Explorations - Concept Map; 1332 chars body),3sw-wk6-budget-and-scholarship-plan.pdf [worksheet/3p] #14663175 -> student:NOT-LINKED; teacher:LINKED docMatch=0.17,3sw-wk6-budget-and-scholarship-plan.pdf/3p #14663175 inDoc=no student=NOT-LINKED teacher=LINKED || 3sw-wk6-dallas-county-living-cost-guide.pdf/2p #14561634 inDoc=no student=LINKED teacher=LINKED || 3sw-wk6-entrepreneurship-portfolio-rubric.pdf/1p #14561636 inDoc=no student=NOT-LINKED teacher=LINKED,student-3sw-wk6-day-5-build-and-revise-a-personal-budget,teacher-3sw-wk6-day-5-facilitator-guide,pending,1JSekSC6t7jLXY2Yl0nHvdmD0l-HqGSJZvy13PK0UGy4,COLLAPSED
4SW-Wk1-Day1,CCE | 4SW Wk1 Day 1 | H&L Core personality Revisit + Favorites Audit,exit-ticket-only (Career and College Explorations - Comparison Matrix; 1209 chars body),4sw-wk1-midyear-profile-audit.pdf [worksheet/2p] #14565910 -> student:NOT-LINKED; teacher:LINKED docMatch=0.17,4sw-wk1-midyear-profile-audit.pdf/2p #14565910 inDoc=no student=NOT-LINKED teacher=LINKED,student-4sw-wk1-day-1-profile-audit,teacher-4sw-wk1-day-1-facilitator-guide,pending,18PB5zUUTEgQaVmOH_cqam_ozNeeg6QYXy0PliAQc99c,COLLAPSED
4SW-Wk1-Day2,CCE | 4SW Wk1 Day 2 | H&L Career Plan + Iceberg Cartoon,exit-ticket-only (Career and College Explorations - Concept Map; 1219 chars body),4sw-wk1-career-iceberg-and-goal.pdf [worksheet/4p] #14565911 -> student:NOT-LINKED; teacher:LINKED docMatch=0.12,"4sw-wk1-career-iceberg-and-goal.pdf/4p #14561667,14565911 inDoc=no student=NOT-LINKED teacher=LINKED",student-4sw-wk1-day-2-career-iceberg,teacher-4sw-wk1-day-2-facilitator-guide,pending,1EsDBV1nbncBIm6_Wo7nwTfztMKPw5jgAUoLUBIDfEOs,COLLAPSED
4SW-Wk1-Day3,CCE | 4SW Wk1 Day 3 | Xello Quick Sims - The Real Game,exit-ticket-only (Career and College Explorations - Trade-off; 1207 chars body),4sw-wk1-career-deep-dive.pdf [worksheet/2p] #14662863 -> student:NOT-LINKED; teacher:LINKED docMatch=0.00,4sw-wk1-career-deep-dive.pdf/2p #14662863 inDoc=no student=NOT-LINKED teacher=LINKED,student-4sw-wk1-day-3-xello-save-quick-sims,teacher-4sw-wk1-day-3-facilitator-guide,pending,1ZqAjo6PImJeqq2637mLc6Di0nY7E9nEEudKFRo04-N0,COLLAPSED
4SW-Wk1-Day4,CCE | 4SW Wk1 Day 4 | eDynamic 8.1 - Choosing a Career Path,exit-ticket-only (Career and College Explorations - Ranked Justification; 1335 chars body),4sw-wk1-pathway-and-ctso-decision.pdf [worksheet/4p] #14591646 -> student:NOT-LINKED; teacher:LINKED docMatch=0.14,4sw-wk1-pathway-and-ctso-decision.pdf/4p #14591646 inDoc=no student=NOT-LINKED teacher=LINKED,student-4sw-wk1-day-4-pathway-and-ctso-decision,teacher-4sw-wk1-day-4-facilitator-guide,pending,1_F79rG1DQFUmQKMeeDj6UZ_cw0PNr7QRHIlmSEiYZvQ,COLLAPSED
4SW-Wk1-Day5,CCE | 4SW Wk1 Day 5 | Mid-Year Reflection + Pathway Gallery Walk,exit-ticket-only (Career and College Explorations - 3-2-1 Reflective; 1006 chars body),4sw-wk1-midyear-career-blueprint.pdf [worksheet/3p] #14662864 -> student:NOT-LINKED; teacher:LINKED docMatch=0.00,4sw-wk1-midyear-blueprint-rubric.pdf/2p #14662865 inDoc=no student=LINKED teacher=LINKED || 4sw-wk1-midyear-career-blueprint.pdf/3p #14662864 inDoc=no student=NOT-LINKED teacher=LINKED,student-4sw-wk1-day-5-mid-year-career-blueprint,teacher-4sw-wk1-day-5-facilitator-guide,pending,16oW1HGXv9XObRcYogVaTxrfsx_JsEEWRlMqj4LSX7p4,COLLAPSED
4SW-Wk2-Day1,CCE | 4SW Wk2 Day 1 | MS-to-HS Transition + Texas Endorsements,exit-ticket-only (Career and College Explorations - Short Constructed Response; 1314 chars body),4sw-wk2-transition-and-assessment-decisions.pdf [worksheet/3p] #14591648 -> student:NOT-LINKED; teacher:LINKED docMatch=0.14,4sw-wk2-transition-and-assessment-decisions.pdf/3p #14591648 inDoc=no student=NOT-LINKED teacher=LINKED,student-4sw-wk2-day-1-graduation-and-assessment-decisions,teacher-4sw-wk2-day-1-facilitator-guide,pending,1FHBRmPf2oEAL4hs_1Ju3S8goOTSIBSzYJlySyL6Ymbc,COLLAPSED
4SW-Wk2-Day2,CCE | 4SW Wk2 Day 2 | H&L District Course Planner - 4-Year Mapping,exit-ticket-only (Career and College Explorations - Comparison Matrix; 1235 chars body),4sw-wk2-four-year-course-plan-draft.pdf [worksheet/3p] #14662869 -> student:NOT-LINKED; teacher:LINKED docMatch=0.17,"4sw-wk2-four-year-course-plan-draft.pdf/3p #14562515,14662869 inDoc=no student=NOT-LINKED teacher=LINKED",student-4sw-wk2-day-2-four-year-course-plan-draft,teacher-4sw-wk2-day-2-facilitator-guide,pending,13ZZOHIa50pYUII07a18JS8H5tqvC48holY_5FsoHSvk,COLLAPSED
4SW-Wk2-Day3,CCE | 4SW Wk2 Day 3 | Family Engagement - Sharing the Plan,exit-ticket-only (Career and College Explorations - Decision Tree; 1201 chars body),4sw-wk2-college-credit-and-family-conversation.pdf [worksheet/2p] #14611265 -> student:NOT-LINKED; teacher:LINKED docMatch=0.00,4sw-wk2-college-credit-and-family-conversation.pdf/2p #14611265 inDoc=no student=NOT-LINKED teacher=LINKED,student-4sw-wk2-day-3-postsecondary-route-trail-and-college-credit,teacher-4sw-wk2-day-3-facilitator-guide,pending,1UTtvcgwuEG_hb2H07bBlOV7DGGlrkLivLC5y_QRY1Pc,COLLAPSED
4SW-Wk2-Day4,CCE | 4SW Wk2 Day 4 | eDynamic 6.2 - Gaining Experience,exit-ticket-only (Career and College Explorations - Ranked Justification; 1109 chars body),4sw-wk2-smart-experience-action-plan.pdf [worksheet/1p] #14565921 -> student:NOT-LINKED; teacher:LINKED docMatch=0.25,4sw-wk2-smart-experience-action-plan.pdf/1p #14565921 inDoc=no student=NOT-LINKED teacher=LINKED,student-4sw-wk2-day-4-smart-experience-action-plan,teacher-4sw-wk2-day-4-facilitator-guide,pending,1k3q0gjVSKTnITMgSMUGo4IJi7htSGrzjAtjC2dIYIbo,COLLAPSED
4SW-Wk2-Day5,CCE | 4SW Wk2 Day 5 | Career Plan Write-Up,exit-ticket-only (Career and College Explorations - Concept Map; 1210 chars body),4sw-wk2-individual-high-school-career-plan.pdf [worksheet/4p] #14611266 -> student:NOT-LINKED; teacher:LINKED docMatch=0.00,4sw-wk2-high-school-career-plan-rubric.pdf/2p #14611267 inDoc=no student=LINKED teacher=LINKED || 4sw-wk2-individual-high-school-career-plan.pdf/4p #14611266 inDoc=no student=NOT-LINKED teacher=LINKED,student-4sw-wk2-day-5-individual-high-school-and-career-plan,teacher-4sw-wk2-day-5-facilitator-guide,pending,1HOPW6oUfdmUxeelvp6hZBe3L6dNj-By-1_C_YkpGtTA,COLLAPSED
4SW-Wk3-Day1,"CCE | 4SW Wk3 Day 1 | Transportation Cluster + ""Transportation Troubles""",exit-ticket-only (Career and College Explorations - Mini-Case; 1247 chars body),4sw-wk3-transportation-survey-design.pdf [worksheet/3p] #14591653 -> student:NOT-LINKED; teacher:LINKED docMatch=0.00,4sw-wk3-transportation-survey-design.pdf/3p #14591653 inDoc=no student=NOT-LINKED teacher=LINKED,student-4sw-wk3-day-1-transportation-cluster-and-survey-design,teacher-4sw-wk3-day-1-facilitator-guide,pending,10ohTnYd-lOa0nJF5tJY0S2GF5fXTfyRIQZ-8g-coQsA,COLLAPSED
4SW-Wk3-Day2,CCE | 4SW Wk3 Day 2 | Aviation Hat Research + Military vs. Civilian Pathways,exit-ticket-only (Career and College Explorations - Comparison Matrix; 1163 chars body),4sw-wk3-aviation-route-action-plan.pdf [worksheet/4p] #14591657 -> student:NOT-LINKED; teacher:LINKED docMatch=0.00,4sw-wk3-aviation-careers-and-pilot-routes.pdf/2p #14591654 inDoc=no student=LINKED teacher=LINKED || 4sw-wk3-aviation-route-action-plan.pdf/4p #14591657 inDoc=no student=NOT-LINKED teacher=LINKED,student-4sw-wk3-day-2-aviation-careers-and-pilot-routes,teacher-4sw-wk3-day-2-facilitator-guide,pending,1BPzq5FNEPnIripyPzS4ozvCFYG-gDwSFnO3-vayA970,COLLAPSED
4SW-Wk3-Day3,CCE | 4SW Wk3 Day 3 | LEGO ATC - Build the Airport,exit-ticket-only (Career and College Explorations - Short Constructed Response; 1058 chars body),4sw-wk3-airport-design-simulation-lab.pdf [worksheet/4p] #14591655 -> student:NOT-LINKED; teacher:LINKED docMatch=0.00,"4sw-wk3-airport-design-simulation-lab.pdf/4p #14562528,14591655 inDoc=no student=NOT-LINKED teacher=LINKED",student-4sw-wk3-day-3-design-a-classroom-airport-map,teacher-4sw-wk3-day-3-facilitator-guide,pending,1NoxkYkBjsGyatc8fXfwWPpUyy4tdG3eB4kuEihW9SQA,COLLAPSED
4SW-Wk3-Day4,CCE | 4SW Wk3 Day 4 | LEGO ATC - Run the Simulation + Powerskill Creativity,exit-ticket-only (Career and College Explorations - Decision Tree; 1216 chars body),4sw-wk3-airport-design-simulation-lab.pdf [worksheet/4p] #14591655 -> student:NOT-LINKED; teacher:LINKED docMatch=0.14,"4sw-wk3-airport-design-simulation-lab.pdf/4p #14562528,14591655 inDoc=no student=NOT-LINKED teacher=LINKED || 4sw-wk3-classroom-scenario-cards.pdf/1p #14591656 inDoc=no student=LINKED teacher=LINKED",student-4sw-wk3-day-4-test-communicate-and-revise,teacher-4sw-wk3-day-4-facilitator-guide,pending,1YsyKwSUWhluBG4K57MbfLDifokpiJ52rya_cXEYZf84,COLLAPSED
4SW-Wk3-Day5,CCE | 4SW Wk3 Day 5 | ATC Presentations + Aviation Goal Plan,exit-ticket-only (Career and College Explorations - Concept Map; 1378 chars body),4sw-wk3-aviation-route-action-plan.pdf [worksheet/4p] #14591657 -> student:NOT-LINKED; teacher:LINKED docMatch=0.00,4sw-wk3-aviation-route-action-plan.pdf/4p #14591657 inDoc=no student=NOT-LINKED teacher=LINKED || 4sw-wk3-route-action-rubric.pdf/2p #14565931 inDoc=no student=LINKED teacher=LINKED,student-4sw-wk3-day-5-aviation-route-and-action-plan,teacher-4sw-wk3-day-5-facilitator-guide,pending,1Gz8Am3Vh96A-zmUjqc9SIHkLQvrzrAsHZ5DOG3siPkQ,COLLAPSED
4SW-Wk4-Day1,"CCE | 4SW Wk4 Day 1 | H&L Engineering Cluster + ""Protecting Wildlife""",exit-ticket-only (Career and College Explorations - Mini-Case; 1272 chars body),4sw-wk4-wildlife-tracking-drone-design.pdf [worksheet/3p] #14565933 -> student:NOT-LINKED; teacher:LINKED docMatch=0.20,"4sw-wk4-wildlife-tracking-drone-design.pdf/3p #14562537,14565933 inDoc=no student=NOT-LINKED teacher=LINKED",student-4sw-wk4-day-1-wildlife-tracking-system-design,teacher-4sw-wk4-day-1-facilitator-guide,pending,1FpI4-sVtxObstQ-G4HS_icx7GZPr2G_HAkF0ZBIH9pI,COLLAPSED
4SW-Wk4-Day2,CCE | 4SW Wk4 Day 2 | UAS Industry Jigsaw Research,exit-ticket-only (Career and College Explorations - Ranked Justification; 1236 chars body),(none),4sw-wk4-drone-enabled-occupations.pdf/2p #14565934 inDoc=no student=LINKED teacher=LINKED,student-4sw-wk4-day-2-drone-enabled-occupations,teacher-4sw-wk4-day-2-facilitator-guide,pending,1OM2o8PBxQ0CbHhhQgpzwVkyO6Ds9ffvKnaLuq0SG4xM,
4SW-Wk4-Day3,CCE | 4SW Wk4 Day 3 | FAA Part 107 + Drone Flight Basics,exit-ticket-only (Career and College Explorations - Short Constructed Response; 1126 chars body),4sw-wk4-drone-operation-decision-readiness.pdf [worksheet/3p] #14565935 -> student:NOT-LINKED; teacher:LINKED docMatch=0.00,4sw-wk4-drone-operation-decision-readiness.pdf/3p #14565935 inDoc=no student=NOT-LINKED teacher=LINKED,student-4sw-wk4-day-3-drone-rules-and-readiness,teacher-4sw-wk4-day-3-facilitator-guide,pending,1unYsGDoEuXWU6xB4_m1ExC63AV9rRwwHmaQFspUEIek,COLLAPSED
4SW-Wk4-Day4,CCE | 4SW Wk4 Day 4 | Drone Navigation Challenge,exit-ticket-only (Career and College Explorations - Trade-off; 1152 chars body),4sw-wk4-drone-systems-test.pdf [worksheet/3p] #14591659 -> student:NOT-LINKED; teacher:LINKED docMatch=0.00,"4sw-wk4-drone-systems-test.pdf/3p #14562538,14591659 inDoc=no student=NOT-LINKED teacher=LINKED",student-4sw-wk4-day-4-systems-test-and-iteration,teacher-4sw-wk4-day-4-facilitator-guide,pending,1O--YPUluSbQp-3d5noaO4qYW6EJLvr68OT6IxTrVgEc,COLLAPSED
4SW-Wk4-Day5,CCE | 4SW Wk4 Day 5 | Jigsaw Presentations + Career Classification,exit-ticket-only (Career and College Explorations - Concept Map; 1348 chars body),4sw-wk4-drone-systems-evidence-brief.pdf [worksheet/4p] #14565937 -> student:NOT-LINKED; teacher:LINKED docMatch=0.00,4sw-wk4-drone-systems-evidence-brief.pdf/4p #14565937 inDoc=no student=NOT-LINKED teacher=LINKED || 4sw-wk4-drone-systems-evidence-rubric.pdf/2p #14565938 inDoc=no student=LINKED teacher=LINKED,student-4sw-wk4-day-5-drone-systems-evidence-brief,teacher-4sw-wk4-day-5-facilitator-guide,pending,1zNxj18QLGZZ3oTS3b0ISEMY99mxe2n093B3vMuJRNfY,COLLAPSED
4SW-Wk5-Day1,"CCE | 4SW Wk5 Day 1 | H&L ""Delivery Connection App"" + Automotive Pathway Browse",exit-ticket-only (Career and College Explorations - Venn Diagram; 1015 chars body),4sw-wk5-crash-crew-evidence-and-preliminary-plan.pdf [worksheet/3p] #14591661 -> student:NOT-LINKED; teacher:LINKED docMatch=0.00,"4sw-wk5-crash-crew-evidence-and-preliminary-plan.pdf/3p #14562546,14591661 inDoc=no student=NOT-LINKED teacher=LINKED",student-4sw-wk5-day-1-crash-crew-visible-evidence,teacher-4sw-wk5-day-1-facilitator-guide,pending,12-zn-B5yiebc6pDvgM7FspnCNktgeg1IRhL5ctD_bOg,COLLAPSED
4SW-Wk5-Day2,CCE | 4SW Wk5 Day 2 | ASE Certification + Apprenticeship vs. College,exit-ticket-only (Career and College Explorations - Trade-off; 1271 chars body),4sw-wk5-ase-and-automotive-training-routes.pdf [worksheet/3p] #14591662 -> student:NOT-LINKED; teacher:LINKED docMatch=0.14,4sw-wk5-ase-and-automotive-training-routes.pdf/3p #14591662 inDoc=no student=NOT-LINKED teacher=LINKED,student-4sw-wk5-day-2-ase-and-training-routes,teacher-4sw-wk5-day-2-facilitator-guide,pending,1BmWQLbNzcSTCCzVb3Rx2DN76sLeDojqqIv0cz4x-iJs,COLLAPSED
4SW-Wk5-Day3,CCE | 4SW Wk5 Day 3 | Automotive Salary Showdown,exit-ticket-only (Career and College Explorations - Comparison Matrix; 1256 chars body),4sw-wk5-three-automotive-occupations.pdf [worksheet/3p] #14591663 -> student:NOT-LINKED; teacher:LINKED docMatch=0.00,"4sw-wk5-three-automotive-occupations.pdf/3p #14562547,14591663 inDoc=no student=NOT-LINKED teacher=LINKED",student-4sw-wk5-day-3-three-automotive-occupations,teacher-4sw-wk5-day-3-facilitator-guide,pending,1ESxIlENa8I2p_Id22M1MWpadUiPORCdvMUQOCDjAEFw,COLLAPSED
4SW-Wk5-Day4,CCE | 4SW Wk5 Day 4 | Ratteree Automotive Pathway Deep-Dive,exit-ticket-only (Career and College Explorations - Diagnostic MCQ; 1318 chars body),4sw-wk5-automotive-route-decision.pdf [worksheet/2p] #14591664 -> student:NOT-LINKED; teacher:LINKED docMatch=0.00,4sw-wk5-automotive-route-decision.pdf/2p #14591664 inDoc=no student=NOT-LINKED teacher=LINKED,student-4sw-wk5-day-4-automotive-route-decision,teacher-4sw-wk5-day-4-facilitator-guide,pending,15Acl2fGi19EGfnmer7POoHQk_T0noZK8kkikYweJOP0,COLLAPSED
4SW-Wk5-Day5,CCE | 4SW Wk5 Day 5 | Cross-Cluster Salary Presentation + H&L Favorites,exit-ticket-only (Career and College Explorations - Concept Map; 1259 chars body),4sw-wk5-automotive-evidence-brief.pdf [worksheet/4p] #14591665 -> student:NOT-LINKED; teacher:LINKED docMatch=0.00,4sw-wk5-automotive-evidence-brief.pdf/4p #14591665 inDoc=no student=NOT-LINKED teacher=LINKED || 4sw-wk5-automotive-evidence-rubric.pdf/2p #14591666 inDoc=no student=LINKED teacher=LINKED,student-4sw-wk5-day-5-automotive-evidence-brief,teacher-4sw-wk5-day-5-facilitator-guide,pending,1bEfkSffo1qv-bx1I254kjyF_5uGh4BaFQScK9c7WMuM,COLLAPSED
4SW-Wk6-Day1,"CCE | 4SW Wk6 Day 1 | H&L Powerskills ""Work Ethic"" + STEM Program Activity",exit-ticket-only (Career and College Explorations - Short Constructed Response; 1176 chars body),4sw-wk6-truck-evidence-and-priority.pdf [worksheet/3p] #14565956 -> student:NOT-LINKED; teacher:LINKED docMatch=0.00,"4sw-wk6-truck-evidence-and-priority.pdf/3p #14562557,14565956 inDoc=no student=NOT-LINKED teacher=LINKED",student-4sw-wk6-day-1-what-the-clues-support,teacher-4sw-wk6-day-1-facilitator-guide,pending,1b7dc2JQwH9hlOUSGw2jDmPfygIRGzD_Sj9NqCUw_GVM,COLLAPSED
4SW-Wk6-Day2,CCE | 4SW Wk6 Day 2 | Transferable Skills Matrix,exit-ticket-only (Career and College Explorations - Ranked Justification; 1045 chars body),4sw-wk6-transferable-skills-evidence.pdf [worksheet/4p] #14565957 -> student:NOT-LINKED; teacher:LINKED docMatch=0.00,"4sw-wk6-transferable-skills-evidence.pdf/4p #14562558,14565957 inDoc=no student=NOT-LINKED teacher=LINKED",student-4sw-wk6-day-2-prove-a-skill-transfers,teacher-4sw-wk6-day-2-facilitator-guide,pending,1vaZn5LSpPnYwSI5aVsH-I3BIwM9odndM6o4YvIu2OJs,COLLAPSED
4SW-Wk6-Day3,CCE | 4SW Wk6 Day 3 | Professional Associations Jigsaw,exit-ticket-only (Career and College Explorations - Comparison Matrix; 1342 chars body),4sw-wk6-career-organization-types.pdf [worksheet/3p] #14565958 -> student:NOT-LINKED; teacher:LINKED docMatch=0.00,4sw-wk6-career-organization-types.pdf/3p #14565958 inDoc=no student=NOT-LINKED teacher=LINKED,student-4sw-wk6-day-3-career-organization-types,teacher-4sw-wk6-day-3-facilitator-guide,pending,1FWV92VdPzBk92ttNW5CdYtkxdYUCP8G4K697Ng_e6SQ,COLLAPSED
4SW-Wk6-Day4,CCE | 4SW Wk6 Day 4 | Work Ethic in Action + H&L Career Plan Update,exit-ticket-only (Career and College Explorations - Mini-Case; 1341 chars body),4sw-wk6-integrity-and-evidence-audit.pdf [worksheet/3p] #14565959 -> student:NOT-LINKED; teacher:LINKED docMatch=0.00,4sw-wk6-integrity-and-evidence-audit.pdf/3p #14565959 inDoc=no student=NOT-LINKED teacher=LINKED,student-4sw-wk6-day-4-integrity-and-accurate-records,teacher-4sw-wk6-day-4-facilitator-guide,pending,1c7MZnG-hoSVPpgkqLoyzdU_1-X-kUkZdgjIJdtpavXY,COLLAPSED
4SW-Wk6-Day5,CCE | 4SW Wk6 Day 5 | Mid-Year Growth Reflection + Sharing Circle,exit-ticket-only (Career and College Explorations - Concept Map; 1253 chars body),4sw-wk6-mid-year-evidence-reflection.pdf [worksheet/4p] #14591669 -> student:NOT-LINKED; teacher:LINKED docMatch=0.00,4sw-wk6-mid-year-evidence-reflection.pdf/4p #14591669 inDoc=no student=NOT-LINKED teacher=LINKED || 4sw-wk6-mid-year-evidence-rubric.pdf/2p #14565961 inDoc=no student=LINKED teacher=LINKED,student-4sw-wk6-day-5-recovery-private-mid-year-reflection,teacher-4sw-wk6-day-5-facilitator-guide,pending,13s43c-gNJvWn2WMdvKBiSZeUtZCz6YXTuYHZbEO4wQw,COLLAPSED
5SW-Wk1-Day1,CCE | 5SW Wk1 Day 1 | A&C Cluster Tour + Safety Supervisor,exit-ticket-only (Career and College Explorations - Mini-Case; 1275 chars body),5sw-wk1-safety-supervisor-evidence-plan.pdf [worksheet/3p] #14565966 -> student:NOT-LINKED; teacher:LINKED docMatch=0.00,"5sw-wk1-safety-supervisor-evidence-plan.pdf/3p #14562574,14565966 inDoc=no student=NOT-LINKED teacher=LINKED",student-5sw-wk1-day-1-cluster-roles-and-safety-supervisor,teacher-5sw-wk1-day-1-facilitator-guide,pending,1ZfBdKqBS-GCuk7iRe9_hkLe55ztZLN257-jsIBpgP7Y,COLLAPSED
5SW-Wk1-Day2,CCE | 5SW Wk1 Day 2 | Career Research + Salary Comparison,exit-ticket-only (Career and College Explorations - Ranked Justification; 979 chars body),5sw-wk1-three-career-evidence-comparison.pdf [worksheet/4p] #14565967 -> student:NOT-LINKED; teacher:LINKED docMatch=0.00,"5sw-wk1-three-career-evidence-comparison.pdf/4p #14562573,14565967 inDoc=no student=NOT-LINKED teacher=LINKED",student-5sw-wk1-day-2-career-preparation-and-pay,teacher-5sw-wk1-day-2-facilitator-guide,pending,1Ug-uoZE-YnZL4Pxf305eiRS8hBHfKvVdFzfwCCSJscg,COLLAPSED
5SW-Wk1-Day3,CCE | 5SW Wk1 Day 3 | TinkerCAD Introduction - Learning 3D Design,exit-ticket-only (Career and College Explorations - Short Constructed Response; 1126 chars body),5sw-wk1-concept-building-design.pdf [worksheet/4p] #14565968 -> student:NOT-LINKED; teacher:LINKED docMatch=0.00,"5sw-wk1-concept-building-design.pdf/4p #14562575,14565968 inDoc=no student=NOT-LINKED teacher=LINKED",student-5sw-wk1-day-3-concept-modeling-foundations,teacher-5sw-wk1-day-3-facilitator-guide,pending,1xVFFbvnGsUKWfd0FJ09s6yxJr1rl8AGIihAp-mXtimQ,COLLAPSED
5SW-Wk1-Day4,CCE | 5SW Wk1 Day 4 | TinkerCAD Iteration + Trash to Treasure,exit-ticket-only (Career and College Explorations - Comparison Matrix; 1136 chars body),5sw-wk1-design-test-and-revision.pdf [worksheet/3p] #14565969 -> student:NOT-LINKED; teacher:LINKED docMatch=0.00,"5sw-wk1-design-test-and-revision.pdf/3p #14562576,14565969 inDoc=no student=NOT-LINKED teacher=LINKED",student-5sw-wk1-day-4-build-test-revise-and-submit,teacher-5sw-wk1-day-4-facilitator-guide,pending,1wLf_aoioPnc8rHEd73KDVxNBGwLQSa8bku-FjvPJZoM,COLLAPSED
5SW-Wk1-Day5,CCE | 5SW Wk1 Day 5 | Presentations + A&C Favorites,exit-ticket-only (Career and College Explorations - Concept Map; 1410 chars body),5sw-wk1-unexpected-architecture-evidence.pdf [worksheet/2p] #14565970 -> student:NOT-LINKED; teacher:LINKED docMatch=0.00,5sw-wk1-architecture-portfolio-rubric.pdf/1p #14591672 inDoc=no student=LINKED teacher=LINKED || 5sw-wk1-unexpected-architecture-evidence.pdf/2p #14565970 inDoc=no student=NOT-LINKED teacher=LINKED,student-5sw-wk1-day-5-unexpected-architecture-and-synthesis,teacher-5sw-wk1-day-5-facilitator-guide,pending,163Z-av4hILXdvD_OgwdawxFxuSeIDFuJ-ak14sAf0J4,COLLAPSED
5SW-Wk2-Day1,CCE | 5SW Wk2 Day 1 | Civil Engineering Cluster Tour + Infrastructure Imagination Kickoff,exit-ticket-only (Career and College Explorations - Mini-Case; 1353 chars body),5sw-wk2-civil-engineer-and-systems-evidence.pdf [worksheet/2p] #14568713 -> student:NOT-LINKED; teacher:LINKED docMatch=0.00,"5sw-wk2-civil-engineer-and-systems-evidence.pdf/2p #14562590,14568713 inDoc=no student=NOT-LINKED teacher=LINKED",student-5sw-wk2-day-1-civil-engineering-careers-and-systems,teacher-5sw-wk2-day-1-facilitator-guide,pending,1qd8zv2bT10ShUuv32T17wUwJmr8saSvPjQ_Sv2fwUKg,COLLAPSED
5SW-Wk2-Day2,CCE | 5SW Wk2 Day 2 | PSAT - SAT - ACT - Why They Matter + Emerging Engineering Careers,exit-ticket-only (Career and College Explorations - Comparison Matrix; 1060 chars body),5sw-wk2-assessment-and-emerging-specialty.pdf [worksheet/3p] #14568714 -> student:NOT-LINKED; teacher:LINKED docMatch=0.00,"5sw-wk2-assessment-and-emerging-specialty.pdf/3p #14562589,14568714 inDoc=no student=NOT-LINKED teacher=LINKED",student-5sw-wk2-day-2-assessment-impact-and-emerging-work,teacher-5sw-wk2-day-2-facilitator-guide,pending,1aqUedUnt1SZjH0wYpFV2m1v_a3DB0Z3WgU2j0tDfIAY,COLLAPSED
5SW-Wk2-Day3,CCE | 5SW Wk2 Day 3 | Bridge Challenge - Design Phase,exit-ticket-only (Career and College Explorations - Short Constructed Response; 1092 chars body),5sw-wk2-bridge-design-options.pdf [worksheet/4p] #14591677 -> student:NOT-LINKED; teacher:LINKED docMatch=0.00,"5sw-wk2-bridge-design-options.pdf/4p #14562591,14591677 inDoc=no student=NOT-LINKED teacher=LINKED",student-5sw-wk2-day-3-bridge-design-two-options,teacher-5sw-wk2-day-3-facilitator-guide,pending,1Ph_2X7u2t4fc5e1mk9JWF1X47hbPIugzGVPxtVGBX8s,COLLAPSED
5SW-Wk2-Day4,CCE | 5SW Wk2 Day 4 | Bridge Challenge - Build and Test,exit-ticket-only (Career and College Explorations - Ranked Justification; 1235 chars body),5sw-wk2-bridge-test-and-redesign.pdf [worksheet/4p] #14591678 -> student:NOT-LINKED; teacher:LINKED docMatch=0.00,"5sw-wk2-bridge-test-and-redesign.pdf/4p #14562592,14591678 inDoc=no student=NOT-LINKED teacher=LINKED",student-5sw-wk2-day-4-fixed-data-test-and-redesign,teacher-5sw-wk2-day-4-facilitator-guide,pending,1rENpdWgNWuYtgVJR_DVNfKfTASMmFeWMiEiFI88YULU,COLLAPSED
5SW-Wk2-Day5,CCE | 5SW Wk2 Day 5 | Results + Engineering Favorites + Career Plan Update,exit-ticket-only (Career and College Explorations - Concept Map; 1356 chars body),5sw-wk2-engineering-synthesis.pdf [worksheet/3p] #14568718 -> student:NOT-LINKED; teacher:LINKED docMatch=0.00,5sw-wk2-engineering-evidence-rubric.pdf/1p #14568720 inDoc=no student=LINKED teacher=LINKED || 5sw-wk2-engineering-synthesis.pdf/3p #14568718 inDoc=no student=NOT-LINKED teacher=LINKED,student-5sw-wk2-day-5-mars-transfer-and-weekly-synthesis,teacher-5sw-wk2-day-5-facilitator-guide,pending,1dw5QfLy8xynLSuilI8rPCHfy6ScGMn5QIwbVEy_t6Sk,COLLAPSED
5SW-Wk3-Day1,CCE | 5SW Wk3 Day 1 | H&L Construction Pathway + Hat Research,exit-ticket-only (Career and College Explorations - Mini-Case; 1393 chars body),5sw-wk3-construction-career-evidence.pdf [worksheet/3p] #14570242 -> student:NOT-LINKED; teacher:LINKED docMatch=0.00,"5sw-wk3-construction-career-evidence.pdf/3p #14562606,14570242 inDoc=no student=NOT-LINKED teacher=LINKED",student-5sw-wk3-day-1-construction-careers-and-preparation,teacher-5sw-wk3-day-1-facilitator-guide,pending,1BGtsooFEivMknXlndFDMuJbL41gRxdo0cuHpsorYk9M,COLLAPSED
5SW-Wk3-Day2,CCE | 5SW Wk3 Day 2 | Apprenticeships + Trade Unions,exit-ticket-only (Career and College Explorations - Comparison Matrix; 1155 chars body),5sw-wk3-routes-and-organizations.pdf [worksheet/4p] #14570243 -> student:NOT-LINKED; teacher:LINKED docMatch=0.00,"5sw-wk3-routes-and-organizations.pdf/4p #14562607,14570243 inDoc=no student=NOT-LINKED teacher=LINKED",student-5sw-wk3-day-2-training-routes-and-career-organizations,teacher-5sw-wk3-day-2-facilitator-guide,pending,1VDL3GfMLW1_fRNCPvPFgC3ITcX5hfpvtA6_EDyVX6iQ,COLLAPSED
5SW-Wk3-Day3,CCE | 5SW Wk3 Day 3 | Construction Career Classification,exit-ticket-only (Career and College Explorations - Short Constructed Response; 1185 chars body),5sw-wk3-labor-classification.pdf [worksheet/4p] #14591683 -> student:NOT-LINKED; teacher:LINKED docMatch=0.00,"5sw-wk3-labor-classification.pdf/4p #14562608,14591683 inDoc=no student=NOT-LINKED teacher=LINKED",student-5sw-wk3-day-3-classify-four-construction-careers,teacher-5sw-wk3-day-3-facilitator-guide,pending,1n2fLVTrFK9G7yBF6SqSh3qfJoJz2NC37DDCtOShj11s,COLLAPSED
5SW-Wk3-Day4,CCE | 5SW Wk3 Day 4 | NCCER + MacArthur Pathways + H&L Power Pitch,exit-ticket-only (Career and College Explorations - Ranked Justification; 1123 chars body),5sw-wk3-fictional-evidence-report.pdf [worksheet/5p] #14591684 -> student:NOT-LINKED; teacher:LINKED docMatch=0.00,"5sw-wk3-fictional-evidence-report.pdf/5p #14591684,14591689 inDoc=no student=NOT-LINKED teacher=LINKED",student-5sw-wk3-day-4-fictional-visual-observation-lab,teacher-5sw-wk3-day-4-facilitator-guide,pending,16cbuoQpZej-oUMivcnBm7OBcZqniTSo29FAq2pyivag,COLLAPSED
5SW-Wk3-Day5,CCE | 5SW Wk3 Day 5 | Jigsaw Presentations + Power Pitch Practice + H&L Favorites,exit-ticket-only (Career and College Explorations - Concept Map; 1359 chars body),5sw-wk3-fictional-evidence-report.pdf [worksheet/5p] #14591684 -> student:NOT-LINKED; teacher:LINKED docMatch=0.00,"5sw-wk3-construction-evidence-rubric.pdf/2p #14591685 inDoc=no student=LINKED teacher=LINKED || 5sw-wk3-fictional-evidence-report.pdf/5p #14591684,14591689 inDoc=no student=NOT-LINKED teacher=LINKED",student-5sw-wk3-day-5-evidence-report-and-individual-briefing,teacher-5sw-wk3-day-5-facilitator-guide,pending,1XidpSaCGRBFLWqPaX0xbuYKBHv3losbeDNjEiVsVuaE,COLLAPSED
5SW-Wk4-Day1,"CCE | 5SW Wk4 Day 1 | H&L Skilled Trades Exploration - HVAC, Electrical, Plumbing",exit-ticket-only (Career and College Explorations - Ranked Justification; 982 chars body),5sw-wk4-skilled-trades-career-evidence.pdf [worksheet/3p] #14570309 -> student:NOT-LINKED; teacher:LINKED docMatch=0.17,"5sw-wk4-skilled-trades-career-evidence.pdf/3p #14562624,14570309 inDoc=no student=NOT-LINKED teacher=LINKED",student-5sw-wk4-day-1-four-skilled-trades-careers,teacher-5sw-wk4-day-1-facilitator-guide,pending,1chI48AErkKSA5SjZhBXwIH2bzahskfHE5C5ttY8Ny6Q,COLLAPSED
5SW-Wk4-Day2,CCE | 5SW Wk4 Day 2 | Welding Careers + Jigsaw Research,exit-ticket-only (Career and College Explorations - Short Constructed Response; 1067 chars body),5sw-wk4-hvac-evidence-first-field-notes.pdf [worksheet/6p] #14570310 -> student:NOT-LINKED; teacher:LINKED docMatch=0.00,"5sw-wk4-hvac-evidence-first-field-notes.pdf/6p #14562625,14570310 inDoc=no student=NOT-LINKED teacher=LINKED",student-5sw-wk4-day-2-hvac-evidence-first-field-notes,teacher-5sw-wk4-day-2-facilitator-guide,pending,1EHqLvviIdnp9yI7c2GmavuRQw628-SK9MAheTr0t7M0,COLLAPSED
5SW-Wk4-Day3,CCE | 5SW Wk4 Day 3 | DFW Labor Market Analysis,exit-ticket-only (Career and College Explorations - Comparison Matrix; 1057 chars body),5sw-wk4-skilled-trades-classification.pdf [worksheet/4p] #14570311 -> student:NOT-LINKED; teacher:LINKED docMatch=0.00,"5sw-wk4-skilled-trades-classification.pdf/4p #14562626,14570311 inDoc=no student=NOT-LINKED teacher=LINKED",student-5sw-wk4-day-3-classify-four-skilled-trades-careers,teacher-5sw-wk4-day-3-facilitator-guide,pending,11IvEsYYXrJiFDp434_GuS1dL-ydEDZMID1GzXSY33Gg,COLLAPSED
5SW-Wk4-Day4,CCE | 5SW Wk4 Day 4 | Post-HS Apprenticeship Pathways + Matrix Completion,exit-ticket-only (Career and College Explorations - Mini-Case; 1518 chars body),5sw-wk4-current-entry-routes.pdf [worksheet/4p] #14570312 -> student:NOT-LINKED; teacher:LINKED docMatch=0.00,"5sw-wk4-current-entry-routes.pdf/4p #14562627,14570312 inDoc=no student=NOT-LINKED teacher=LINKED",student-5sw-wk4-day-4-current-entry-routes,teacher-5sw-wk4-day-4-facilitator-guide,pending,1GRichbZRxPQTJSBOXgphUBSMN2v_R-f86urL3g_k52M,COLLAPSED
5SW-Wk4-Day5,CCE | 5SW Wk4 Day 5 | Jigsaw Presentations + A&C Cluster Wrap-Up,exit-ticket-only (Career and College Explorations - Concept Map; 1254 chars body),5sw-wk4-fictional-water-line-response.pdf [worksheet/2p] #14591690 -> student:NOT-LINKED; teacher:LINKED docMatch=0.00 || 5sw-wk4-skilled-trades-classification.pdf [worksheet/4p] #14570311 -> student:NOT-LINKED; teacher:LINKED docMatch=0.00,"5sw-wk4-fictional-water-line-response.pdf/2p #14570319,14591690 inDoc=no student=NOT-LINKED teacher=LINKED || 5sw-wk4-skilled-trades-classification.pdf/4p #14562626,14570311 inDoc=no student=NOT-LINKED teacher=LINKED || 5sw-wk4-skilled-trades-evidence-rubric.pdf/2p #14591691 inDoc=no student=LINKED teacher=LINKED",student-5sw-wk4-day-5-fictional-water-line-response,teacher-5sw-wk4-day-5-facilitator-guide,pending,1peiGNw-JDNJE-Ruar7m8QKnU7U7IEIodCH54cFh-vlY,COLLAPSED-MULTI
5SW-Wk5-Day1,CCE | 5SW Wk5 Day 1 | H&L Lifestyle Snapshot - Reflecting on Future Life,exit-ticket-only (Career and College Explorations - Short Constructed Response; 969 chars body),5sw-wk5-salary-source-and-lifestyle-target.pdf [worksheet/3p] #14662889 -> student:NOT-LINKED; teacher:LINKED docMatch=0.00,"5sw-wk5-salary-source-and-lifestyle-target.pdf/3p #14562636,14662889 inDoc=no student=NOT-LINKED teacher=LINKED",student-5sw-wk5-day-1-salary-source-and-lifestyle-target,teacher-5sw-wk5-day-1-facilitator-guide,pending,1GEVC3SNv2NK_alrHhNHAq6pyb0RuVYnAVvvKhxx8g2I,COLLAPSED
5SW-Wk5-Day2,CCE | 5SW Wk5 Day 2 | Building My Personal Budget,exit-ticket-only (Career and College Explorations - Comparison Matrix; 1202 chars body),5sw-wk5-dallas-county-personal-budget.pdf [worksheet/4p] #14570334 -> student:NOT-LINKED; teacher:LINKED docMatch=0.00,"5sw-wk5-dallas-county-personal-budget.pdf/4p #14562637,14570334 inDoc=no student=NOT-LINKED teacher=LINKED",student-5sw-wk5-day-2-build-a-dallas-county-personal-budget,teacher-5sw-wk5-day-2-facilitator-guide,pending,1OgO4BNxNukEJ_s5TXXj_GW_5FN_I4XB9SeR5Sv9Xs0c,COLLAPSED
5SW-Wk5-Day3,CCE | 5SW Wk5 Day 3 | Cost of Living Comparison,exit-ticket-only (Career and College Explorations - Ranked Justification; 944 chars body),5sw-wk5-location-cost-comparison.pdf [worksheet/2p] #14596041 -> student:NOT-LINKED; teacher:LINKED docMatch=0.00,"5sw-wk5-location-cost-comparison.pdf/2p #14562638,14596041 inDoc=no student=NOT-LINKED teacher=LINKED",student-5sw-wk5-day-3-compare-the-same-offer-across-locations,teacher-5sw-wk5-day-3-facilitator-guide,pending,1MGAhYS25fyoKGAXIyeRu-YSTx-ltJ1IlzAzdPyI3tl4,COLLAPSED
5SW-Wk5-Day4,CCE | 5SW Wk5 Day 4 | NGPF - EverFi Financial Literacy + Paying for College,exit-ticket-only (Career and College Explorations - Mini-Case; 1376 chars body),5sw-wk5-paying-for-education-and-training.pdf [worksheet/3p] #14570336 -> student:NOT-LINKED; teacher:LINKED docMatch=0.00,5sw-wk5-paying-for-education-and-training.pdf/3p #14570336 inDoc=no student=NOT-LINKED teacher=LINKED,student-5sw-wk5-day-4-paying-for-education-and-training,teacher-5sw-wk5-day-4-facilitator-guide,pending,1C4C2BIoDTzCp1bq7JP8sqOaLjx6vHxAevJRlGZMf85U,COLLAPSED
5SW-Wk5-Day5,CCE | 5SW Wk5 Day 5 | Budget Comparison + 3-Career Salary Analysis + A&C Wrap-Up,exit-ticket-only (Career and College Explorations - Concept Map; 1155 chars body),5sw-wk5-three-career-budget-portfolio.pdf [worksheet/4p] #14662892 -> student:NOT-LINKED; teacher:LINKED docMatch=0.00,"5sw-wk5-budget-portfolio-rubric.pdf/2p #14570338 inDoc=no student=LINKED teacher=LINKED || 5sw-wk5-three-career-budget-portfolio.pdf/4p #14570342,14662892 inDoc=no student=NOT-LINKED teacher=LINKED",student-5sw-wk5-day-5-personal-budget-and-career-evidence-portfolio,teacher-5sw-wk5-day-5-facilitator-guide,pending,10EZ_0K5hhOkluyMdng0opjEKvNmgQuGCPjhPE0tRb-U,COLLAPSED
5SW-Wk6-Day1,CCE | 5SW Wk6 Day 1 | Real Estate Career Exploration - H&L + Gallery Walk,exit-ticket-only (Career and College Explorations - Mini-Case; 1295 chars body),5sw-wk6-real-estate-career-boundaries.pdf [worksheet/2p] #14572251 -> student:NOT-LINKED; teacher:LINKED docMatch=0.00,"5sw-wk6-real-estate-career-boundaries.pdf/2p #14562675,14572251 inDoc=no student=NOT-LINKED teacher=LINKED",student-5sw-wk6-day-1-four-real-estate-careers-and-boundaries,teacher-5sw-wk6-day-1-facilitator-guide,pending,1Z1wVhcUVookSEBlUk89-rU7jOrO4YaeMhAU8AzNG5xM,COLLAPSED
5SW-Wk6-Day2,CCE | 5SW Wk6 Day 2 | TREC Licensing + Commission Math,exit-ticket-only (Career and College Explorations - Short Constructed Response; 1257 chars body),5sw-wk6-trec-and-variable-income.pdf [worksheet/3p] #14572260 -> student:NOT-LINKED; teacher:LINKED docMatch=0.00,"5sw-wk6-trec-and-variable-income.pdf/3p #14562676,14572260 inDoc=no student=NOT-LINKED teacher=LINKED",student-5sw-wk6-day-2-trec-route-and-variable-income-math,teacher-5sw-wk6-day-2-facilitator-guide,pending,1DyLTAdYbwecoDYmPSBR4NwwefxTf4OjKSNPREZ-dZJg,COLLAPSED
5SW-Wk6-Day3,CCE | 5SW Wk6 Day 3 | Entrepreneurship in Real Estate + DFW Market Analysis,exit-ticket-only (Career and College Explorations - Ranked Justification; 1119 chars body),5sw-wk6-flip-this-house-evidence-plan.pdf [worksheet/1p] #14572269 -> student:NOT-LINKED; teacher:LINKED docMatch=0.00,"5sw-wk6-flip-this-house-evidence-plan.pdf/1p #14562677,14572269 inDoc=no student=NOT-LINKED teacher=LINKED",student-5sw-wk6-day-3-flip-this-house-roi-and-entrepreneurship,teacher-5sw-wk6-day-3-facilitator-guide,pending,1zMDgkeucbg9NEkC1nD7W85UBBkrVr3O0AqfyNCRlje0,COLLAPSED
5SW-Wk6-Day4,CCE | 5SW Wk6 Day 4 | Market Trends Analysis + H&L Career Plan Update,exit-ticket-only (Career and College Explorations - Comparison Matrix; 1155 chars body),5sw-wk6-real-estate-labor-evidence.pdf [worksheet/2p] #14572282 -> student:NOT-LINKED; teacher:LINKED docMatch=0.00,5sw-wk6-real-estate-labor-evidence.pdf/2p #14572282 inDoc=no student=NOT-LINKED teacher=LINKED,student-5sw-wk6-day-4-real-estate-labor-evidence,teacher-5sw-wk6-day-4-facilitator-guide,pending,1O2hDJCtJmMdVMAWhvj_8Ma4jLyvMOaY828hIGqi9u0A,COLLAPSED
5SW-Wk6-Day5,CCE | 5SW Wk6 Day 5 | Real Estate Pitch + 5th Six Weeks Reflection,exit-ticket-only (Career and College Explorations - Concept Map; 1223 chars body),5sw-wk6-six-weeks-evidence-brief.pdf [worksheet/2p] #14596047 -> student:NOT-LINKED; teacher:LINKED docMatch=0.00,"5sw-wk6-evidence-brief-rubric.pdf/1p #14596048 inDoc=no student=LINKED teacher=LINKED || 5sw-wk6-six-weeks-evidence-brief.pdf/2p #14596047,14596052 inDoc=no student=NOT-LINKED teacher=LINKED",student-5sw-wk6-day-5-private-evidence-brief-and-reflection,teacher-5sw-wk6-day-5-facilitator-guide,pending,1nCyWIwmHAl9SYeEMputee0VPstx3LYOgcx1pdHE6YiM,COLLAPSED
6SW-Wk1-Day1,CCE | 6SW Wk1 Day 1 | Education Cluster Tour + Community Classroom,exit-ticket-only (Career and College Explorations - Mini-Case; 1346 chars body),6sw-wk1-community-classroom-plan.pdf [worksheet/2p] #14596064 -> student:NOT-LINKED; teacher:LINKED docMatch=0.00,"6sw-wk1-community-classroom-plan.pdf/2p #14562692,14596064 inDoc=no student=NOT-LINKED teacher=LINKED",student-6sw-wk1-day-1-community-classroom,teacher-6sw-wk1-day-1-facilitator-guide,pending,1TV9Sj7HsZ_OSw73MHqmPiJfWuEJipFdFPvI6G9vk93E,COLLAPSED
6SW-Wk1-Day2,CCE | 6SW Wk1 Day 2 | Cert Pathways + Powerskills Leadership,exit-ticket-only (Career and College Explorations - Comparison Matrix; 1170 chars body),6sw-wk1-texas-education-routes.pdf [worksheet/3p] #14596065 -> student:NOT-LINKED; teacher:LINKED docMatch=0.00,"6sw-wk1-texas-education-routes.pdf/3p #14562693,14596065 inDoc=no student=NOT-LINKED teacher=LINKED",student-6sw-wk1-day-2-texas-education-career-routes,teacher-6sw-wk1-day-2-facilitator-guide,pending,1y2ffBfWG9mMv1zQOSZYtEAlVE07ln48OaQaqnq1Yi34,COLLAPSED
6SW-Wk1-Day3,CCE | 6SW Wk1 Day 3 | Job Search Scavenger Hunt + Xello Learning Pathways,exit-ticket-only (Career and College Explorations - Short Constructed Response; 1332 chars body),6sw-wk1-education-job-evidence.pdf [worksheet/2p] #14662900 -> student:NOT-LINKED; teacher:LINKED docMatch=0.00,6sw-wk1-education-job-evidence.pdf/2p #14662900 inDoc=no student=NOT-LINKED teacher=LINKED,student-6sw-wk1-day-3-xello-discover-learning-pathways,teacher-6sw-wk1-day-3-facilitator-guide,pending,1V57pXkBKDWimyDlim2mItsQnpcb_0xQ-rD-qZakaoCc,COLLAPSED
6SW-Wk1-Day4,CCE | 6SW Wk1 Day 4 | Teaching Toolbox + Community Service Reflection,exit-ticket-only (Career and College Explorations - Ranked Justification; 1199 chars body),6sw-wk1-teach-through-play-service.pdf [worksheet/2p] #14596066 -> student:NOT-LINKED; teacher:LINKED docMatch=0.00,"6sw-wk1-teach-through-play-service.pdf/2p #14562694,14596066 inDoc=no student=NOT-LINKED teacher=LINKED",student-6sw-wk1-day-4-teach-through-play-and-service,teacher-6sw-wk1-day-4-facilitator-guide,pending,1ZmIBGhpL-cFm2sOa_iFC8Knx4TesO-cfy5L9Yr5hIkQ,COLLAPSED
6SW-Wk1-Day5,CCE | 6SW Wk1 Day 5 | Irving ISD Pathways + eDynamic 7.2 + Education Favorites,exit-ticket-only (Career and College Explorations - Concept Map; 1409 chars body),6sw-wk1-education-evidence-portfolio.pdf [worksheet/3p] #14662901 -> student:NOT-LINKED; teacher:LINKED docMatch=0.00,"6sw-wk1-education-evidence-portfolio.pdf/3p #14562695,14662901 inDoc=no student=NOT-LINKED teacher=LINKED || 6sw-wk1-education-portfolio-rubric.pdf/1p #14662902 inDoc=no student=LINKED teacher=LINKED",student-6sw-wk1-day-5-education-evidence-portfolio,teacher-6sw-wk1-day-5-facilitator-guide,pending,18aepfO9FqoYL-awRHJDTXyzDlTOJgN0vGfu1mgL4UL0,COLLAPSED
6SW-Wk2-Day1,CCE | 6SW Wk2 Day 1 | Arts - AV Cluster + Digital Storytelling,exit-ticket-only (Career and College Explorations - Mini-Case; 1429 chars body),6sw-wk2-podcast-production-plan.pdf [worksheet/2p] #14575253 -> student:NOT-LINKED; teacher:LINKED docMatch=0.00,"6sw-wk2-podcast-production-plan.pdf/2p #14562710,14575253 inDoc=no student=NOT-LINKED teacher=LINKED",student-6sw-wk2-day-1-behind-the-microphone,teacher-6sw-wk2-day-1-facilitator-guide,pending,13geM24WvlvHkcl0TjN4P4ClUTIvsbj8soDe-w463Jv0,COLLAPSED
6SW-Wk2-Day2,CCE | 6SW Wk2 Day 2 | First Resume in Xello,exit-ticket-only (Career and College Explorations - Comparison Matrix; 1301 chars body),6sw-wk2-first-resume-draft.pdf [worksheet/3p] #14611292 -> student:NOT-LINKED; teacher:LINKED docMatch=0.08,"6sw-wk2-first-resume-draft.pdf/3p #14562711,14611292 inDoc=no student=NOT-LINKED teacher=LINKED",student-6sw-wk2-day-2-write-a-first-resume,teacher-6sw-wk2-day-2-facilitator-guide,pending,1YkDFsdLc3uY6AW8WJPEEOQFoJ38pvxHnfduyjXNPfUw,COLLAPSED
6SW-Wk2-Day3,CCE | 6SW Wk2 Day 3 | Attention to Detail + Resume Revision,exit-ticket-only (Career and College Explorations - Short Constructed Response; 1004 chars body),6sw-wk2-audio-cue-and-resume-revision.pdf [worksheet/1p] #14662920 -> student:NOT-LINKED; teacher:LINKED docMatch=0.00,6sw-wk2-audio-cue-and-resume-revision.pdf/1p #14662920 inDoc=no student=NOT-LINKED teacher=LINKED,student-6sw-wk2-day-3-complete-xello-resume-and-revise,teacher-6sw-wk2-day-3-facilitator-guide,pending,1fYZeXauc58G-c3FDNdhSt_aV_593EzbyNftAx4tmT-k,COLLAPSED
6SW-Wk2-Day4,CCE | 6SW Wk2 Day 4 | Game On! + Job Search Steps,exit-ticket-only (Career and College Explorations - Ranked Justification; 914 chars body),6sw-wk2-effective-job-search.pdf [worksheet/3p] #14575279 -> student:NOT-LINKED; teacher:LINKED docMatch=0.00,"6sw-wk2-effective-job-search.pdf/3p #14562712,14575279 inDoc=no student=NOT-LINKED teacher=LINKED",student-6sw-wk2-day-4-seven-steps-of-an-effective-job-search,teacher-6sw-wk2-day-4-facilitator-guide,pending,19LBaW7jeIqYo-RABSwCU-_k3yGdS3kRroMdTJtHcun4,COLLAPSED
6SW-Wk2-Day5,CCE | 6SW Wk2 Day 5 | Creative Entrepreneurs Branding Project,exit-ticket-only (Career and College Explorations - Concept Map; 1428 chars body),6sw-wk2-audio-cue-and-resume-revision.pdf [worksheet/1p] #14662920 -> student:NOT-LINKED; teacher:LINKED docMatch=0.00 || 6sw-wk2-effective-job-search.pdf [worksheet/3p] #14575279 -> student:NOT-LINKED; teacher:LINKED docMatch=0.00 || 6sw-wk2-first-resume-draft.pdf [worksheet/3p] #14611292 -> student:NOT-LINKED; teacher:LINKED docMatch=0.00 || 6sw-wk2-merch-mode-design.pdf [worksheet/2p] #14575296 -> student:NOT-LINKED; teacher:LINKED docMatch=0.00,"6sw-wk2-audio-cue-and-resume-revision.pdf/1p #14662920 inDoc=no student=NOT-LINKED teacher=LINKED || 6sw-wk2-effective-job-search.pdf/3p #14562712,14575279 inDoc=no student=NOT-LINKED teacher=LINKED || 6sw-wk2-first-resume-draft.pdf/3p #14562711,14611292 inDoc=no student=NOT-LINKED teacher=LINKED || 6sw-wk2-merch-mode-design.pdf/2p #14575296 inDoc=no student=NOT-LINKED teacher=LINKED || 6sw-wk2-resume-design-rubric.pdf/2p #14662921 inDoc=no student=LINKED teacher=LINKED",student-6sw-wk2-day-5-merch-mode-and-final-resume-evidence,teacher-6sw-wk2-day-5-facilitator-guide,pending,14ljm0n3folAPDb2LEodoSZ3Twxm5dshnAfKLY8V2FDs,COLLAPSED-MULTI
6SW-Wk3-Day1,CCE | 6SW Wk3 Day 1 | Marketing Cluster + Marketing on the Move,exit-ticket-only (Career and College Explorations - Mini-Case; 1120 chars body),6sw-wk3-click-factor-campaign.pdf [worksheet/2p] #14596075 -> student:NOT-LINKED; teacher:LINKED docMatch=0.00,"6sw-wk3-click-factor-campaign.pdf/2p #14562730,14596075 inDoc=no student=NOT-LINKED teacher=LINKED",student-6sw-wk3-day-1-click-factor,teacher-6sw-wk3-day-1-facilitator-guide,pending,1rmIeqpPzwTRUJvJKAxeH0fqDMDP1PRM_1ESnNx3koDE,COLLAPSED
6SW-Wk3-Day2,CCE | 6SW Wk3 Day 2 | Written Communication + Economic Conditions,exit-ticket-only (Career and College Explorations - Comparison Matrix; 1024 chars body),6sw-wk3-written-communication-and-change.pdf [worksheet/2p] #14578332 -> student:NOT-LINKED; teacher:LINKED docMatch=0.00,"6sw-wk3-written-communication-and-change.pdf/2p #14578332,14596077 inDoc=no student=NOT-LINKED teacher=LINKED",student-6sw-wk3-day-2-written-communication-and-changing-conditions,teacher-6sw-wk3-day-2-facilitator-guide,pending,1yq1erunMJwOVAyypSL7gQnLfEFv9qkrkS1y87YOEZZE,COLLAPSED
6SW-Wk3-Day3,CCE | 6SW Wk3 Day 3 | Think Inside the Box - Subscription Box MVP,exit-ticket-only (Career and College Explorations - Short Constructed Response; 1077 chars body),6sw-wk3-expert-edge-plan.pdf [worksheet/2p] #14578333 -> student:NOT-LINKED; teacher:LINKED docMatch=0.00,"6sw-wk3-expert-edge-plan.pdf/2p #14562731,14578333 inDoc=no student=NOT-LINKED teacher=LINKED",student-6sw-wk3-day-3-expert-edge,teacher-6sw-wk3-day-3-facilitator-guide,pending,1-okNQxhIQFERj4xI7ImKgPu7euyHUKPJpb3ydVuBALA,COLLAPSED
6SW-Wk3-Day4,CCE | 6SW Wk3 Day 4 | Hat Research + Google Applied Digital Skills,exit-ticket-only (Career and College Explorations - Ranked Justification; 1082 chars body),6sw-wk3-family-fun-pass-analysis.pdf [worksheet/2p] #14578335 -> student:NOT-LINKED; teacher:LINKED docMatch=0.00,"6sw-wk3-family-fun-pass-analysis.pdf/2p #14562732,14578335 inDoc=no student=NOT-LINKED teacher=LINKED",student-6sw-wk3-day-4-family-fun-pass,teacher-6sw-wk3-day-4-facilitator-guide,pending,18St15Ndab3OZFlJUhOOoyfd21E7pQW7jaBIyBgZfD5Y,COLLAPSED
6SW-Wk3-Day5,CCE | 6SW Wk3 Day 5 | Marketing Plan Pitches + eDynamic 4.1 + H&L Favorites,exit-ticket-only (Career and College Explorations - Concept Map; 1320 chars body),6sw-wk3-marketing-evidence-brief.pdf [worksheet/4p] #14578336 -> student:NOT-LINKED; teacher:LINKED docMatch=0.00,"6sw-wk3-marketing-evidence-brief.pdf/4p #14562733,14578336 inDoc=no student=NOT-LINKED teacher=LINKED || 6sw-wk3-marketing-evidence-rubric.pdf/2p #14578337 inDoc=no student=LINKED teacher=LINKED",student-6sw-wk3-day-5-ethical-marketing-evidence-brief,teacher-6sw-wk3-day-5-facilitator-guide,pending,1Y6GFiN78tbPo076JbHb9u9JfMUml9ZEdHA66jl-6NL8,COLLAPSED
6SW-Wk4-Day1,CCE | 6SW Wk4 Day 1 | Sales Pathway + Pitching Investors Setup,exit-ticket-only (Career and College Explorations - Mini-Case; 1331 chars body),6sw-wk4-sales-pitch-plan.pdf [worksheet/2p] #14579336 -> student:NOT-LINKED; teacher:LINKED docMatch=0.00,"6sw-wk4-sales-pitch-plan.pdf/2p #14562749,14579336 inDoc=no student=NOT-LINKED teacher=LINKED",student-6sw-wk4-day-1-audience-and-sales-pitch-plan,teacher-6sw-wk4-day-1-facilitator-guide,pending,11Dz2W7M0xqwL2YWyfTcCUKm4Csc4klTx87vNgV69Cws,COLLAPSED
6SW-Wk4-Day2,CCE | 6SW Wk4 Day 2 | Slide Deck + Giving and Receiving Feedback,exit-ticket-only (Career and College Explorations - Multi-Question Diagnostic MCQ; 1364 chars body),6sw-wk4-pitch-delivery-record.pdf [worksheet/2p] #14579337 -> student:NOT-LINKED; teacher:LINKED docMatch=0.00,"6sw-wk4-pitch-delivery-record.pdf/2p #14562750,14579337 inDoc=no student=NOT-LINKED teacher=LINKED",student-6sw-wk4-day-2-deliver-test-and-revise,teacher-6sw-wk4-day-2-facilitator-guide,pending,1F1hMo_XUDFC-sBs1ex-isFau2SLaURIN_YxgbPsuh-E,COLLAPSED
6SW-Wk4-Day3,CCE | 6SW Wk4 Day 3 | Investor Pitches + Career Presentation Outline,exit-ticket-only (Career and College Explorations - Short Constructed Response; 914 chars body),6sw-wk4-brainboost-and-career-outline.pdf [worksheet/2p] #14579338 -> student:NOT-LINKED; teacher:LINKED docMatch=0.00,"6sw-wk4-brainboost-and-career-outline.pdf/2p #14562751,14579338 inDoc=no student=NOT-LINKED teacher=LINKED",student-6sw-wk4-day-3-brainboost-decision-and-career-outline,teacher-6sw-wk4-day-3-facilitator-guide,pending,1ud6DX18VXUhv_pnZbfIZf7Xnzxw3unUyOjjDUNrNOBA,COLLAPSED
6SW-Wk4-Day4,CCE | 6SW Wk4 Day 4 | Interview Appearance + Practice Presentations,exit-ticket-only (Career and College Explorations - Routed Decision Tree; 1148 chars body),6sw-wk4-appearance-and-rehearsal.pdf [worksheet/2p] #14596080 -> student:NOT-LINKED; teacher:LINKED docMatch=0.00,"6sw-wk4-appearance-and-rehearsal.pdf/2p #14596080,14596086 inDoc=no student=NOT-LINKED teacher=LINKED",student-6sw-wk4-day-4-interview-appearance-and-rehearsal,teacher-6sw-wk4-day-4-facilitator-guide,pending,1zVAt8D4gDqnu3sI5EwWch5cQcxIq2yvDu60gDB2gxtE,COLLAPSED
6SW-Wk4-Day5,CCE | 6SW Wk4 Day 5 | Career Presentations Day,exit-ticket-only (Career and College Explorations - 3-2-1 Reflective; 1262 chars body),6sw-wk4-career-oral-evidence.pdf [worksheet/2p] #14596081 -> student:NOT-LINKED; teacher:LINKED docMatch=0.00,"6sw-wk4-career-oral-evidence.pdf/2p #14596081,14596087 inDoc=no student=NOT-LINKED teacher=LINKED || 6sw-wk4-career-oral-rubric.pdf/2p #14596082 inDoc=no student=LINKED teacher=LINKED",student-6sw-wk4-day-5-career-oral-evidence-brief,teacher-6sw-wk4-day-5-facilitator-guide,pending,1_ZC31w6pL3tZlEx6mG_rhBiiiMEyirL1cUXExi516Zk,COLLAPSED
6SW-Wk5-Day1,CCE | 6SW Wk5 Day 1 | Job Search Steps + Admin Pathway,exit-ticket-only (Career and College Explorations - Seven-Bubble Ordered Concept Map; 1223 chars body),6sw-wk5-job-search-and-posting-evidence.pdf [worksheet/2p] #14579492 -> student:NOT-LINKED; teacher:LINKED docMatch=0.00,"6sw-wk5-job-search-and-posting-evidence.pdf/2p #14562758,14579492 inDoc=no student=NOT-LINKED teacher=LINKED",student-6sw-wk5-day-1-job-search-and-posting-screen,teacher-6sw-wk5-day-1-facilitator-guide,pending,1TWgRMdH-gDvpUO-BxB0y4316mCo8t3IjRCBLeIXUbpk,COLLAPSED
6SW-Wk5-Day2,CCE | 6SW Wk5 Day 2 | Cover Letter Writing,exit-ticket-only (Career and College Explorations - Comparison Matrix; 947 chars body),6sw-wk5-cover-letter-simulation.pdf [worksheet/3p] #14579493 -> student:NOT-LINKED; teacher:LINKED docMatch=0.00,"6sw-wk5-cover-letter-simulation.pdf/3p #14562759,14579493 inDoc=no student=NOT-LINKED teacher=LINKED || 6sw-wk5-job-skills-rubric.pdf/2p #14611301 inDoc=no student=NOT-LINKED teacher=LINKED",student-6sw-wk5-day-2-tailored-cover-letter,teacher-6sw-wk5-day-2-facilitator-guide,pending,192n8TANNnRP7PpN89Bw9R_2oKXZmOAjZ-oyHZs3M_ts,COLLAPSED
6SW-Wk5-Day3,CCE | 6SW Wk5 Day 3 | Job Application + References Protocol,exit-ticket-only (Career and College Explorations - Procedural Decision Tree; 1407 chars body),6sw-wk5-application-and-references.pdf [worksheet/4p] #14579494 -> student:NOT-LINKED; teacher:LINKED docMatch=0.00,"6sw-wk5-application-and-references.pdf/4p #14562760,14579494 inDoc=no student=NOT-LINKED teacher=LINKED",student-6sw-wk5-day-3-sample-application-and-references,teacher-6sw-wk5-day-3-facilitator-guide,pending,1G_DYmms-Q5MmXddjZaY1WDA9isDINbuYxNdkN7qG9e4,COLLAPSED
6SW-Wk5-Day4,CCE | 6SW Wk5 Day 4 | Mock Interview Prep + Fishbowl Demo,exit-ticket-only (Career and College Explorations - Short Constructed Response; 956 chars body),6sw-wk5-interview-readiness.pdf [worksheet/3p] #14611299 -> student:NOT-LINKED; teacher:LINKED docMatch=0.00,"6sw-wk5-interview-readiness.pdf/3p #14579523,14611299 inDoc=no student=NOT-LINKED teacher=LINKED",student-6sw-wk5-day-4-interview-preparation,teacher-6sw-wk5-day-4-facilitator-guide,pending,1qXRmR9Hit6ebMt9tG9_ClIetVXSSR4S5IT2fpE5M4UQ,COLLAPSED
6SW-Wk5-Day5,CCE | 6SW Wk5 Day 5 | Mock Interview Day + Thank-You Letter,exit-ticket-only (Career and College Explorations - 3-2-1 Reflective; 1038 chars body),6sw-wk5-mock-interview-and-thank-you.pdf [worksheet/4p] #14611300 -> student:NOT-LINKED; teacher:LINKED docMatch=0.00,"6sw-wk5-job-skills-rubric.pdf/2p #14611301 inDoc=no student=LINKED teacher=LINKED || 6sw-wk5-mock-interview-and-thank-you.pdf/4p #14562761,14611300 inDoc=no student=NOT-LINKED teacher=LINKED",student-6sw-wk5-day-5-mock-interview-and-follow-up,teacher-6sw-wk5-day-5-facilitator-guide,pending,1UAxy4EoWYyjsL94cbZ0ZG-4sNKqBsfsW1DDb40yw7zw,COLLAPSED
6SW-Wk6-Day1,CCE | 6SW Wk6 Day 1 | Iceberg Reflection + Finalize H&L Career Plan,exit-ticket-only (Career and College Explorations - Venn Diagram; 906 chars body),6sw-wk6-career-evidence-inventory.pdf [worksheet/2p] #14579639 -> student:NOT-LINKED; teacher:LINKED docMatch=0.00,"6sw-wk6-career-evidence-inventory.pdf/2p #14562776,14579639 inDoc=no student=NOT-LINKED teacher=LINKED",student-6sw-wk6-day-1-evidence-audit-and-recovery,teacher-6sw-wk6-day-1-facilitator-guide,pending,1Q8kcr9JEk9wFTzoDcetKxlTK_7c2Q-omwX_07xP2h_s,COLLAPSED
6SW-Wk6-Day2,CCE | 6SW Wk6 Day 2 | Written Career Plan + Presentation Outline,exit-ticket-only (Career and College Explorations - Short Constructed Response; 1102 chars body),6sw-wk6-individual-career-plan.pdf [worksheet/4p] #14579640 -> student:NOT-LINKED; teacher:LINKED docMatch=0.00,"6sw-wk6-individual-career-plan.pdf/4p #14562777,14579640 inDoc=no student=NOT-LINKED teacher=LINKED",student-6sw-wk6-day-2-individual-career-plan,teacher-6sw-wk6-day-2-facilitator-guide,pending,1xiJUSknBxEzKotlNMfx190WjoZG53394F0GKvruHLoM,COLLAPSED
6SW-Wk6-Day3,CCE | 6SW Wk6 Day 3 | Capstone Presentations Day 1,exit-ticket-only (Career and College Explorations - Ranked Justification; 1219 chars body),6sw-wk6-capstone-presentation-plan.pdf [worksheet/2p] #14579641 -> student:NOT-LINKED; teacher:LINKED docMatch=0.00,"6sw-wk6-capstone-presentation-plan.pdf/2p #14562778,14579641 inDoc=no student=NOT-LINKED teacher=LINKED",student-6sw-wk6-day-3-career-evidence-brief-and-rehearsal,teacher-6sw-wk6-day-3-facilitator-guide,pending,1ycAgpMpdiEtEFGWijh-mh3ZbXkC7KZPSnXjg3ekU2XI,COLLAPSED
6SW-Wk6-Day4,CCE | 6SW Wk6 Day 4 | Capstone Presentations Day 2 + Plan Download + Being a Career Thinker,exit-ticket-only (Career and College Explorations - Concept Map; 1224 chars body),6sw-wk6-capstone-delivery-record.pdf [worksheet/2p] #14579642 -> student:NOT-LINKED; teacher:LINKED docMatch=0.00,"6sw-wk6-capstone-delivery-record.pdf/2p #14562780,14579642 inDoc=no student=NOT-LINKED teacher=LINKED || 6sw-wk6-capstone-rubric.pdf/2p #14579644 inDoc=no student=LINKED teacher=LINKED",student-6sw-wk6-day-4-communicated-capstone-and-revision,teacher-6sw-wk6-day-4-facilitator-guide,pending,1HwYLdogWDuV55UpLya5XqbbAohqMm9oc7BRrgwa6aMw,COLLAPSED
6SW-Wk6-Day5,CCE | 6SW Wk6 Day 5 | End-of-Year Reflection + Celebration,exit-ticket-only (Career and College Explorations - 3-2-1 Reflective; 1091 chars body),6sw-wk6-final-course-reflection.pdf [worksheet/2p] #14579643 -> student:NOT-LINKED; teacher:LINKED docMatch=0.00,"6sw-wk6-final-course-reflection.pdf/2p #14562779,14579643 inDoc=no student=NOT-LINKED teacher=LINKED",student-6sw-wk6-day-5-reflection-and-transfer-forward,teacher-6sw-wk6-day-5-facilitator-guide,pending,1geEUPCgXGQuwXyoCjrEBrJiG9q9W6eXSho3IzwVo8Nw,COLLAPSED
